,Scale,TweetID,Date,Query,User,Comments
0,0,1467810369,Mon Apr 06 22:19:45 PDT 2009,NO_QUERY,_TheSpecialOne_,of Third Day to do it. ;D
1,0,1467810672,Mon Apr 06 22:19:49 PDT 2009,NO_QUERY,scotthamilton,l today also. Blah!
2,0,1467810917,Mon Apr 06 22:19:53 PDT 2009,NO_QUERY,mattycus,. Managed to save 50%  The rest go out of bounds
3,0,1467811184,Mon Apr 06 22:19:57 PDT 2009,NO_QUERY,ElleCTF,ls itchy and like its on fire
4,0,1467811193,Mon Apr 06 22:19:57 PDT 2009,NO_QUERY,Karoli,over there.
5,0,1467811372,Mon Apr 06 22:20:00 PDT 2009,NO_QUERY,joy_wolf,@Kwesidei not the whole crew
6,0,1467811592,Mon Apr 06 22:20:03 PDT 2009,NO_QUERY,mybirch,d a hug
7,0,1467811594,Mon Apr 06 22:20:03 PDT 2009,NO_QUERY,coZZ,"! Yes.. Rains a bit ,only a bit  LOL , I'm fine thanks , how's you ?"
8,0,1467811795,Mon Apr 06 22:20:05 PDT 2009,NO_QUERY,2Hood4Hollywood,@Tatiana_K nope they didn't have it
9,0,1467812025,Mon Apr 06 22:20:09 PDT 2009,NO_QUERY,mimismo,era que me muera ?
10,0,1467812416,Mon Apr 06 22:20:16 PDT 2009,NO_QUERY,erinx3leannexo,spring break in plain city... it's snowing
11,0,1467812579,Mon Apr 06 22:20:17 PDT 2009,NO_QUERY,pardonlauren,I just re-pierced my ears
12,0,1467812723,Mon Apr 06 22:20:19 PDT 2009,NO_QUERY,TLeC,ing . . . . .
13,0,1467812771,Mon Apr 06 22:20:19 PDT 2009,NO_QUERY,robrobbierobert,"@octolinz16 It it counts, idk why I did either. you never talk to me anymore"
14,0,1467812784,Mon Apr 06 22:20:20 PDT 2009,NO_QUERY,bayofwolves,"y though, zac snyder's just a doucheclown."
15,0,1467812799,Mon Apr 06 22:20:20 PDT 2009,NO_QUERY,HairByJess,you and @iamlilnicki  how was the premiere?!
16,0,1467812964,Mon Apr 06 22:20:22 PDT 2009,NO_QUERY,lovesongwriter,hurt me severely to watch on film  wry is directors cut not out now?
17,0,1467813137,Mon Apr 06 22:20:25 PDT 2009,NO_QUERY,armotley,about to file taxes
18,0,1467813579,Mon Apr 06 22:20:31 PDT 2009,NO_QUERY,starkissed,rent  love the soundtrack!!
19,0,1467813782,Mon Apr 06 22:20:34 PDT 2009,NO_QUERY,gi_gi_bee,en table drinks?
20,0,1467813985,Mon Apr 06 22:20:37 PDT 2009,NO_QUERY,quanvu,@alydesigns i was out most of the day so didn't get much done
21,0,1467813992,Mon Apr 06 22:20:38 PDT 2009,NO_QUERY,swinspeedx,ey today...but i've no time *sigh*
22,0,1467814119,Mon Apr 06 22:20:40 PDT 2009,NO_QUERY,cooliodoc,@angry_barista I baked you a cake but I ated it
23,0,1467814180,Mon Apr 06 22:20:40 PDT 2009,NO_QUERY,viJILLante,k is not going as i had hoped
24,0,1467814192,Mon Apr 06 22:20:41 PDT 2009,NO_QUERY,Ljelli3166,ow
25,0,1467814438,Mon Apr 06 22:20:44 PDT 2009,NO_QUERY,ChicagoCubbie,and wake people up
26,0,1467814783,Mon Apr 06 22:20:50 PDT 2009,NO_QUERY,KatieAngell,p after watching Marley and Me.
27,0,1467814883,Mon Apr 06 22:20:52 PDT 2009,NO_QUERY,gagoo,y
28,0,1467815199,Mon Apr 06 22:20:56 PDT 2009,NO_QUERY,abel209,h.... LOL  that leslie.... and ok I won't do it again so leslie won't  get mad again
29,0,1467815753,Mon Apr 06 22:21:04 PDT 2009,NO_QUERY,BaptisteTheFool,ed every time.
30,0,1467815923,Mon Apr 06 22:21:07 PDT 2009,NO_QUERY,fatkat309,ount on aim  now i have to make a new one
31,0,1467815924,Mon Apr 06 22:21:07 PDT 2009,NO_QUERY,EmCDL,VE but unfornately no ride there  I may b going to the one in Anaheim in May though
32,0,1467815988,Mon Apr 06 22:21:09 PDT 2009,NO_QUERY,merisssa,n!
33,0,1467816149,Mon Apr 06 22:21:11 PDT 2009,NO_QUERY,Pbearfox,you
34,0,1467816665,Mon Apr 06 22:21:21 PDT 2009,NO_QUERY,jsoo,p at night
35,0,1467816749,Mon Apr 06 22:21:20 PDT 2009,NO_QUERY,scarletletterm,sick to stand and held back the puke like a champ. BED now
36,0,1467817225,Mon Apr 06 22:21:27 PDT 2009,NO_QUERY,crosland_12,more hours...
37,0,1467817374,Mon Apr 06 22:21:30 PDT 2009,NO_QUERY,ajaxpro,p://is.gd/fNge
38,0,1467817502,Mon Apr 06 22:21:32 PDT 2009,NO_QUERY,Tmttq86,ing. I don't think I even want to know about the kids in suitcases.
39,0,1467818007,Mon Apr 06 22:21:39 PDT 2009,NO_QUERY,Anthony_Nguyen,my girlfriend
40,0,1467818020,Mon Apr 06 22:21:39 PDT 2009,NO_QUERY,itsanimesh,ows practical exam...
41,0,1467818481,Mon Apr 06 22:21:46 PDT 2009,NO_QUERY,lionslamb,He's the reason for the teardrops on my guitar the only one who has enough of me to break my heart
42,0,1467818603,Mon Apr 06 22:21:49 PDT 2009,NO_QUERY,kennypham,can't!
43,0,1467818900,Mon Apr 06 22:21:53 PDT 2009,NO_QUERY,DdubsShellBell,ed it
44,0,1467819022,Mon Apr 06 22:21:56 PDT 2009,NO_QUERY,hpfangirl94,p. Just heard about that Tracy girl's body being found. How sad  My heart breaks for that family.
45,0,1467819650,Mon Apr 06 22:22:05 PDT 2009,NO_QUERY,antzpantz,time for me and you...
46,0,1467819712,Mon Apr 06 22:22:06 PDT 2009,NO_QUERY,labrt2004,having probs w/ BGs and UIDs?
47,0,1467819812,Mon Apr 06 22:22:07 PDT 2009,NO_QUERY,IrisJumbe,ting. Burnt it
48,0,1467820206,Mon Apr 06 22:22:13 PDT 2009,NO_QUERY,peacoats,is strangely sad about LiLo and SamRo breaking up.
49,0,1467820835,Mon Apr 06 22:22:25 PDT 2009,NO_QUERY,cyantist,ting.
50,0,1467820863,Mon Apr 06 22:22:23 PDT 2009,NO_QUERY,tautao,waiting for broadband we are
51,0,1467820906,Mon Apr 06 22:22:24 PDT 2009,NO_QUERY,voyage2k,d a lot.
52,0,1467821085,Mon Apr 06 22:22:26 PDT 2009,NO_QUERY,crzy_cdn_bulas,long to hatch
53,0,1467821338,Mon Apr 06 22:22:30 PDT 2009,NO_QUERY,justnetgirl,"Put vacation photos online a few yrs ago. PC crashed, and now I forget the name of the site."
54,0,1467821455,Mon Apr 06 22:22:32 PDT 2009,NO_QUERY,CiaraRenee,d a hug
55,0,1467821715,Mon Apr 06 22:22:37 PDT 2009,NO_QUERY,deelau,y andy!
56,0,1467822384,Mon Apr 06 22:22:47 PDT 2009,NO_QUERY,Lindsey0920,ens...
57,0,1467822389,Mon Apr 06 22:22:47 PDT 2009,NO_QUERY,HybridMink,
58,0,1467822519,Mon Apr 06 22:22:49 PDT 2009,NO_QUERY,gzacher,ow
59,0,1467822522,Mon Apr 06 22:22:49 PDT 2009,NO_QUERY,Jenn_L,.
60,0,1467822687,Mon Apr 06 22:22:52 PDT 2009,NO_QUERY,xVivaLaJuicyx,d On The Sand'?
61,0,1467822918,Mon Apr 06 22:22:55 PDT 2009,NO_QUERY,krbleyle,just leaving the parking lot of work!
62,0,1467823437,Mon Apr 06 22:23:03 PDT 2009,NO_QUERY,xpika,l. But not for Me.
63,0,1467823770,Mon Apr 06 22:23:08 PDT 2009,NO_QUERY,Henkuyinepu,.
64,0,1467823851,Mon Apr 06 22:23:09 PDT 2009,NO_QUERY,ericg622,ow at 5am
65,0,1467824199,Mon Apr 06 22:23:15 PDT 2009,NO_QUERY,adri_mane,lmao aw shucks
66,0,1467824664,Mon Apr 06 22:23:23 PDT 2009,NO_QUERY,a_mariepyt,ow
67,0,1467824967,Mon Apr 06 22:23:28 PDT 2009,NO_QUERY,playboybacon,is min wage here 4 f'n clams an hour?
68,0,1467825003,Mon Apr 06 22:23:28 PDT 2009,NO_QUERY,leslierosales,n!
69,0,1467825084,Mon Apr 06 22:23:30 PDT 2009,NO_QUERY,PresidentSnow,day today.
70,0,1467825411,Mon Apr 06 22:23:35 PDT 2009,NO_QUERY,michrod,d a pop up!
71,0,1467825642,Mon Apr 06 22:23:39 PDT 2009,NO_QUERY,timmelko,d to start working out with you and the Nikster... Or Jared at least!
72,0,1467825863,Mon Apr 06 22:23:43 PDT 2009,NO_QUERY,BrookeAmanda,my bands!  Trace is clearly NOT ugly!
73,0,1467825883,Mon Apr 06 22:23:43 PDT 2009,NO_QUERY,deelau,socks and leather shoes  Lucky did not run into any cute girls.
74,0,1467826052,Mon Apr 06 22:23:45 PDT 2009,NO_QUERY,paulseverio,p://twitpic.com/2y2es
75,0,1467833672,Mon Apr 06 22:25:44 PDT 2009,NO_QUERY,iv3tte,s like citrus.
76,0,1467833690,Mon Apr 06 22:25:44 PDT 2009,NO_QUERY,fedunska,awol.
77,0,1467833736,Mon Apr 06 22:25:45 PDT 2009,NO_QUERY,MagicalMason,No new csi tonight.  FML
78,0,1467833799,Mon Apr 06 22:25:46 PDT 2009,NO_QUERY,kaelaaa,is
79,0,1467834001,Mon Apr 06 22:25:49 PDT 2009,NO_QUERY,emo_holic,ed .
80,0,1467834053,Mon Apr 06 22:25:52 PDT 2009,NO_QUERY,thelazyboy,ow for the night.
81,0,1467834227,Mon Apr 06 22:25:53 PDT 2009,NO_QUERY,driveaway2008,ked and paid for mine
82,0,1467834239,Mon Apr 06 22:25:53 PDT 2009,NO_QUERY,mscha,
83,0,1467834265,Mon Apr 06 22:25:54 PDT 2009,NO_QUERY,mike_webster_au,#itm
84,0,1467834284,Mon Apr 06 22:25:54 PDT 2009,NO_QUERY,basiabeans,
85,0,1467834400,Mon Apr 06 22:25:56 PDT 2009,NO_QUERY,calihonda2001,
86,0,1467834817,Mon Apr 06 22:26:02 PDT 2009,NO_QUERY,djwayneski,ting  sup mama
87,0,1467835085,Mon Apr 06 22:26:06 PDT 2009,NO_QUERY,Ceejison,"y hurts.  I wonder if the hypnosis has anything to do with it? If so, it's working, I get it, STOP SMOKING!!!"
88,0,1467835198,Mon Apr 06 22:26:08 PDT 2009,NO_QUERY,ItsBrigittaYo,why is it always the fat ones?!
89,0,1467835305,Mon Apr 06 22:26:10 PDT 2009,NO_QUERY,MissLaura317,p right now. Muahaha. *evil laugh*
90,0,1467835345,Mon Apr 06 22:26:10 PDT 2009,NO_QUERY,RU_it_girl,in undergrad
91,0,1467835577,Mon Apr 06 22:26:14 PDT 2009,NO_QUERY,viviana09,wednesday my b-day! don't know what 2 do!!
92,0,1467835880,Mon Apr 06 22:26:18 PDT 2009,NO_QUERY,disneyfan4eva,s)
93,0,1467836024,Mon Apr 06 22:26:21 PDT 2009,NO_QUERY,RoseMaryK,have a headache
94,0,1467836111,Mon Apr 06 22:26:22 PDT 2009,NO_QUERY,perrohunter,"constants u should think things more , find someone ulike"
95,0,1467836448,Mon Apr 06 22:26:27 PDT 2009,NO_QUERY,Dogbook,k/profile/view/5248435
96,0,1467836500,Mon Apr 06 22:26:28 PDT 2009,NO_QUERY,natalieantipas,.....
97,0,1467836576,Mon Apr 06 22:26:29 PDT 2009,NO_QUERY,timdonnelly,bad it wasn't the one for money
98,0,1467836583,Mon Apr 06 22:26:29 PDT 2009,NO_QUERY,homeworld,"ow me, either  and i work for you!"
99,0,1467836859,Mon Apr 06 22:26:33 PDT 2009,NO_QUERY,willy_chaz,d.
100,0,1467836873,Mon Apr 06 22:26:33 PDT 2009,NO_QUERY,LeakySpoon,p://tr.im/imji
101,0,1467837189,Mon Apr 06 22:26:38 PDT 2009,NO_QUERY,cityrat59,"increase the capacity fast, yesterday was such a pain. Got the fail whale +15 times in 2 hours...."
102,0,1467837384,Mon Apr 06 22:26:42 PDT 2009,NO_QUERY,kenandise,es for work
103,0,1467837470,Mon Apr 06 22:26:43 PDT 2009,NO_QUERY,annette414,watching &quot;House&quot;
104,0,1467837579,Mon Apr 06 22:26:45 PDT 2009,NO_QUERY,blackheartbunny,@kpreyes Remember my bum leg? Strikes back this time its serious
105,0,1467837602,Mon Apr 06 22:26:45 PDT 2009,NO_QUERY,GetGary,s
106,0,1467837762,Mon Apr 06 22:26:48 PDT 2009,NO_QUERY,Dogbook,k/profile/view/6176014
107,0,1467837819,Mon Apr 06 22:26:49 PDT 2009,NO_QUERY,SimoniNicole,over again?
108,0,1467837888,Mon Apr 06 22:26:52 PDT 2009,NO_QUERY,wireandroses,ated
109,0,1467838188,Mon Apr 06 22:26:54 PDT 2009,NO_QUERY,jess_higley,n and wondered the same thing. Moscow is so behind the times
110,0,1467838189,Mon Apr 06 22:26:54 PDT 2009,NO_QUERY,missannabanana,laying in bed with no voice..
111,0,1467838362,Mon Apr 06 22:26:57 PDT 2009,NO_QUERY,Zella17,
112,0,1467838419,Mon Apr 06 22:27:00 PDT 2009,NO_QUERY,polarna10,y.
113,0,1467838433,Mon Apr 06 22:26:58 PDT 2009,NO_QUERY,megan_rice,ened.
114,0,1467838630,Mon Apr 06 22:27:02 PDT 2009,NO_QUERY,ashleyirvin,@salancaster  hope your ok.
115,0,1467839007,Mon Apr 06 22:27:08 PDT 2009,NO_QUERY,eyezup,ening at the same time.  Don't want you to stop cuz I like what u do! Much love
116,0,1467839405,Mon Apr 06 22:27:15 PDT 2009,NO_QUERY,Jonas_Dreamgirl,@HibaNick yeah aw but i know i wudnt stand a chance
117,0,1467839450,Mon Apr 06 22:27:16 PDT 2009,NO_QUERY,BreannaBonana,p. its 1:30am.
118,0,1467839477,Mon Apr 06 22:27:16 PDT 2009,NO_QUERY,becklyn13,a sing. Can't. Sucks.
119,0,1467839586,Mon Apr 06 22:27:18 PDT 2009,NO_QUERY,sonyolmos,a go to the beach w u girls!!
120,0,1467839737,Mon Apr 06 22:27:21 PDT 2009,NO_QUERY,JenBah,that there's no ASBA's for a radio station.
121,0,1467839816,Mon Apr 06 22:27:22 PDT 2009,NO_QUERY,viviana09,wednesday my b-day n don't know what 2 do!
122,0,1467840016,Mon Apr 06 22:27:25 PDT 2009,NO_QUERY,BustaBusta,d.
123,0,1467840386,Mon Apr 06 22:27:31 PDT 2009,NO_QUERY,MadameCrow,I am in pain. My back and sides hurt. Not to mention crying is made of fail.
124,0,1467840552,Mon Apr 06 22:27:34 PDT 2009,NO_QUERY,weefranniev,ing sick...
125,0,1467840629,Mon Apr 06 22:27:35 PDT 2009,NO_QUERY,ikimmyy,e
126,0,1467841189,Mon Apr 06 22:27:45 PDT 2009,NO_QUERY,yolie81,I get a 'puter. Something else 2 blame ex 4. He broke mine
127,0,1467841204,Mon Apr 06 22:27:45 PDT 2009,NO_QUERY,spacks,y going to get done
128,0,1467841832,Mon Apr 06 22:27:55 PDT 2009,NO_QUERY,bgoers,I'm so cold
129,0,1467841885,Mon Apr 06 22:27:56 PDT 2009,NO_QUERY,MissPassion,ow
130,0,1467841897,Mon Apr 06 22:27:56 PDT 2009,NO_QUERY,aaronrothe,
131,0,1467841969,Mon Apr 06 22:27:57 PDT 2009,NO_QUERY,ilikeoreos,n
132,0,1467842107,Mon Apr 06 22:28:02 PDT 2009,NO_QUERY,wiccabuffy,ow up and they said it was over.
133,0,1467842299,Mon Apr 06 22:28:03 PDT 2009,NO_QUERY,HiKeri,almost bedtime
134,0,1467842377,Mon Apr 06 22:28:04 PDT 2009,NO_QUERY,bnr0201,y you had a headstart
135,0,1467842448,Mon Apr 06 22:28:05 PDT 2009,NO_QUERY,R_Boucher,Agh...snow!!!
136,0,1467842568,Mon Apr 06 22:28:07 PDT 2009,NO_QUERY,josiahmcdermott,y powers
137,0,1467842607,Mon Apr 06 22:28:09 PDT 2009,NO_QUERY,VanessaSingline,y from Bridget
138,0,1467842832,Mon Apr 06 22:28:11 PDT 2009,NO_QUERY,varunkumar,.
139,0,1467842837,Mon Apr 06 22:28:11 PDT 2009,NO_QUERY,JenniOnTheBlock,that's a no then.
140,0,1467843075,Mon Apr 06 22:28:15 PDT 2009,NO_QUERY,darkninja757,sadly is going to bed.
141,0,1467843215,Mon Apr 06 22:28:18 PDT 2009,NO_QUERY,mikecogh,2 Shame to hear this Stephan
142,0,1467843470,Mon Apr 06 22:28:21 PDT 2009,NO_QUERY,KandiConnection,@mrsaintnick hey! i'm leavin in the morning...
143,0,1467843568,Mon Apr 06 22:28:23 PDT 2009,NO_QUERY,joechummer,en. And only 12 pages are left
144,0,1467843624,Mon Apr 06 22:28:24 PDT 2009,NO_QUERY,kellireneez,much today... now my head hurts
145,0,1467843647,Mon Apr 06 22:28:24 PDT 2009,NO_QUERY,treehugger25,ks.
146,0,1467843734,Mon Apr 06 22:28:26 PDT 2009,NO_QUERY,chatpataa,0 died..
147,0,1467843740,Mon Apr 06 22:28:26 PDT 2009,NO_QUERY,ThisStoutjunt,ied!
148,0,1467844097,Mon Apr 06 22:28:33 PDT 2009,NO_QUERY,sew_cute,er day.
149,0,1467844140,Mon Apr 06 22:28:32 PDT 2009,NO_QUERY,Twokids1,
150,0,1467844157,Mon Apr 06 22:28:32 PDT 2009,NO_QUERY,AKyarnie,@onemoreproject that is lame
151,0,1467844505,Mon Apr 06 22:28:38 PDT 2009,NO_QUERY,luimoral85,y don't
152,0,1467844540,Mon Apr 06 22:28:38 PDT 2009,NO_QUERY,ceironous,HEROES just isn't doing it for me this season...
153,0,1467844907,Mon Apr 06 22:28:45 PDT 2009,NO_QUERY,brandonmcb,Living not downtown sure isn't much fun.
154,0,1467845095,Mon Apr 06 22:28:48 PDT 2009,NO_QUERY,mannyrique,y coke!
155,0,1467845157,Mon Apr 06 22:28:51 PDT 2009,NO_QUERY,styletrain,Man Work is Hard
156,0,1467852031,Mon Apr 06 22:30:34 PDT 2009,NO_QUERY,kscud,p
157,0,1467852067,Mon Apr 06 22:30:34 PDT 2009,NO_QUERY,kirstenj0y,ing eyebrows waxed. More pain
158,0,1467852789,Mon Apr 06 22:30:45 PDT 2009,NO_QUERY,marculus,No phantasy star yesterday  going to work...
159,0,1467853135,Mon Apr 06 22:30:50 PDT 2009,NO_QUERY,andrewofthediaz,
160,0,1467853356,Mon Apr 06 22:30:54 PDT 2009,NO_QUERY,dbmendel,
161,0,1467853431,Mon Apr 06 22:30:55 PDT 2009,NO_QUERY,erks,is alone downstairs...working
162,0,1467853479,Mon Apr 06 22:30:56 PDT 2009,NO_QUERY,ringleaderkanon,l bad for doing it
163,0,1467854062,Mon Apr 06 22:31:05 PDT 2009,NO_QUERY,babibabs,"p. i mean seriously, she's kinda mean to him."
164,0,1467854345,Mon Apr 06 22:31:09 PDT 2009,NO_QUERY,ace587,@pinkserendipity yes sprint has 4g only in baltimore and chicago so far
165,0,1467854706,Mon Apr 06 22:31:15 PDT 2009,NO_QUERY,ktribb80,ible yesterday.
166,0,1467854917,Mon Apr 06 22:31:18 PDT 2009,NO_QUERY,OliviaFox,le
167,0,1467855673,Mon Apr 06 22:31:29 PDT 2009,NO_QUERY,IluvJoelMadden,n... can't find anything to wear!! gosh it's so hard
168,0,1467855812,Mon Apr 06 22:31:31 PDT 2009,NO_QUERY,easyausguy,@marieclr I was serious  LOL
169,0,1467855981,Mon Apr 06 22:31:37 PDT 2009,NO_QUERY,Hollywood_Trey,long!!! Until it got deleted  Sad day in history
170,0,1467856044,Mon Apr 06 22:31:35 PDT 2009,NO_QUERY,EcoTravelTV,i
171,0,1467856352,Mon Apr 06 22:31:40 PDT 2009,NO_QUERY,AshaleaMay,ently at work..
172,0,1467856426,Mon Apr 06 22:31:41 PDT 2009,NO_QUERY,AthenaA42,.
173,0,1467856497,Mon Apr 06 22:31:43 PDT 2009,NO_QUERY,Missy__,y about that!
174,0,1467856632,Mon Apr 06 22:31:45 PDT 2009,NO_QUERY,BrettFair,the big deal with this website
175,0,1467856821,Mon Apr 06 22:31:48 PDT 2009,NO_QUERY,mydwynter,y you're having to go through this. Again.  #therapyfail
176,0,1467856919,Mon Apr 06 22:31:50 PDT 2009,NO_QUERY,jhenkens,out of the way for rail.  any other tips?
177,0,1467857221,Mon Apr 06 22:31:54 PDT 2009,NO_QUERY,sarah_katie,ps?  So heart wrenching.
178,0,1467857297,Mon Apr 06 22:31:56 PDT 2009,NO_QUERY,amanda5280,"d at hiding things, even I can't find it"
179,0,1467857378,Mon Apr 06 22:31:57 PDT 2009,NO_QUERY,Shabbybebe,"ing, neighbors are SO loud-having a party"
180,0,1467857511,Mon Apr 06 22:31:59 PDT 2009,NO_QUERY,fatkat309,upset!!
181,0,1467857722,Mon Apr 06 22:32:02 PDT 2009,NO_QUERY,blackheartbunny,.erika-obscura.blogspot.com
182,0,1467857975,Mon Apr 06 22:32:06 PDT 2009,NO_QUERY,szrhnds602,Borders closed at 10
183,0,1467858363,Mon Apr 06 22:32:12 PDT 2009,NO_QUERY,schammy,did this come out? I'm so behind the times these days
184,0,1467858627,Mon Apr 06 22:32:16 PDT 2009,NO_QUERY,mariotani,en some e-mail... I've to go early at University today as I have to teach at 8:30 AM!
185,0,1467858869,Mon Apr 06 22:32:20 PDT 2009,NO_QUERY,Jaderade14,. . .and its making me sad
186,0,1467859025,Mon Apr 06 22:32:22 PDT 2009,NO_QUERY,LeeseEllen,y
187,0,1467859066,Mon Apr 06 22:32:23 PDT 2009,NO_QUERY,FNFKayCee,be in NY on the 25th
188,0,1467859408,Mon Apr 06 22:32:28 PDT 2009,NO_QUERY,CaddyStage,people here in the south i'm qtr. french and they snarl at me.  french are beautiful people
189,0,1467859436,Mon Apr 06 22:32:28 PDT 2009,NO_QUERY,ha_nobita,got one day remain and now problem come
190,0,1467859558,Mon Apr 06 22:32:30 PDT 2009,NO_QUERY,tchviolin,icult. #fb
191,0,1467859666,Mon Apr 06 22:32:31 PDT 2009,NO_QUERY,DreamActivist23,yDoP  oH NO
192,0,1467859820,Mon Apr 06 22:32:36 PDT 2009,NO_QUERY,msbutt3rfly14,d guy.
193,0,1467859922,Mon Apr 06 22:32:35 PDT 2009,NO_QUERY,Karmatical,"k.  #24 boring, Madame President is a crazy woman."
194,0,1467860144,Mon Apr 06 22:32:38 PDT 2009,NO_QUERY,Jana1976,
195,0,1467860268,Mon Apr 06 22:32:40 PDT 2009,NO_QUERY,AmyJade,didn't get shit done today ~ i'm so screwed
196,0,1467860895,Mon Apr 06 22:32:50 PDT 2009,NO_QUERY,tantrixie,to go out
197,0,1467860904,Mon Apr 06 22:32:51 PDT 2009,NO_QUERY,supersharayah,p tonite.
198,0,1467861095,Mon Apr 06 22:32:54 PDT 2009,NO_QUERY,bluepaintred,ied and tired to post tonight
199,0,1467861413,Mon Apr 06 22:32:58 PDT 2009,NO_QUERY,AmyJade,couldn't get shit done today ~ i'm so screwed
200,0,1467861522,Mon Apr 06 22:33:00 PDT 2009,NO_QUERY,bovinemammal,p
201,0,1467861571,Mon Apr 06 22:33:01 PDT 2009,NO_QUERY,jessejoseph,ety-whack.    :*(:*(:*(
202,0,1467862213,Mon Apr 06 22:33:11 PDT 2009,NO_QUERY,lennytoups,ept my family's help   He might be dead by now
203,0,1467862313,Mon Apr 06 22:33:13 PDT 2009,NO_QUERY,paulverhoeven,ing.
204,0,1467862355,Mon Apr 06 22:33:13 PDT 2009,NO_QUERY,Britty88,chbud i think ur right!! hahaha!! 4.5 hrs now!!
205,0,1467862411,Mon Apr 06 22:33:16 PDT 2009,NO_QUERY,stephaniekmusic,the spartans so sad
206,0,1467862710,Mon Apr 06 22:33:20 PDT 2009,NO_QUERY,Jemimus,t
207,0,1467862806,Mon Apr 06 22:33:21 PDT 2009,NO_QUERY,Sweetpineapple,"ow u, since u didn't  LOL  GO ANGELS!"
208,0,1467863072,Mon Apr 06 22:33:25 PDT 2009,NO_QUERY,Artiel87,
209,0,1467863415,Mon Apr 06 22:33:31 PDT 2009,NO_QUERY,treehugger25,ks but the library doesn't have them
210,0,1467863507,Mon Apr 06 22:33:32 PDT 2009,NO_QUERY,Mirlina,upted so many times today  Going out for Japanese with the 'rents again...
211,0,1467863508,Mon Apr 06 22:33:32 PDT 2009,NO_QUERY,g_rose86,Kind of longs for the bus that shows up at the end of Ghost World right now. Ugh.
212,0,1467863633,Mon Apr 06 22:33:34 PDT 2009,NO_QUERY,omgseriouslywtf,osed to get snow through wednesday. ugh.
213,0,1467863684,Mon Apr 06 22:33:35 PDT 2009,NO_QUERY,DjGundam,k of the new transformer movie
214,0,1467863716,Mon Apr 06 22:33:35 PDT 2009,NO_QUERY,stacyc37,
215,0,1467864250,Mon Apr 06 22:33:44 PDT 2009,NO_QUERY,Alp0,a get tipsy by my lonesome. That's...that's just sad
216,0,1467870864,Mon Apr 06 22:35:29 PDT 2009,NO_QUERY,TheDCD,"I'm sweating my forthcoming trip to E3.  If I can't find someone to crash with while I'm out there, I may be screwed."
217,0,1467870866,Mon Apr 06 22:35:29 PDT 2009,NO_QUERY,DrewKatavich,ount.
218,0,1467871007,Mon Apr 06 22:35:31 PDT 2009,NO_QUERY,tinyvamp,the time D: D:
219,0,1467871040,Mon Apr 06 22:35:31 PDT 2009,NO_QUERY,MTLarson1224,d for me
220,0,1467871223,Mon Apr 06 22:35:35 PDT 2009,NO_QUERY,vcf2,in.. i dont think those pictures ever made it in the magazine tho!  haha
221,0,1467871226,Mon Apr 06 22:35:36 PDT 2009,NO_QUERY,thinkingmama,y forgot to submit photos
222,0,1467871545,Mon Apr 06 22:35:40 PDT 2009,NO_QUERY,Cherye101,
223,0,1467871552,Mon Apr 06 22:35:40 PDT 2009,NO_QUERY,nataleyritter,@imaginarypeach now your leaving me  .... -gets sad-
224,0,1467871661,Mon Apr 06 22:35:41 PDT 2009,NO_QUERY,ciairuhh,my advance phone.
225,0,1467871754,Mon Apr 06 22:35:43 PDT 2009,NO_QUERY,sarahdesjardins,ING! So SCARED
226,0,1467871844,Mon Apr 06 22:35:44 PDT 2009,NO_QUERY,larsgunnarf,ompaniers
227,0,1467871917,Mon Apr 06 22:35:46 PDT 2009,NO_QUERY,Lvonhusen,k
228,0,1467871956,Mon Apr 06 22:35:46 PDT 2009,NO_QUERY,TimelessAKA,eclty..
229,0,1467872136,Mon Apr 06 22:35:51 PDT 2009,NO_QUERY,jinnah,king forward to opening day
230,0,1467872175,Mon Apr 06 22:35:50 PDT 2009,NO_QUERY,edsed,can't find my keys.
231,0,1467872181,Mon Apr 06 22:35:50 PDT 2009,NO_QUERY,admdrw,er.
232,0,1467872218,Mon Apr 06 22:35:50 PDT 2009,NO_QUERY,Loreinski,ing a sore throat again
233,0,1467872247,Mon Apr 06 22:35:51 PDT 2009,NO_QUERY,OhShayLaVie,9!
234,0,1467872309,Mon Apr 06 22:35:51 PDT 2009,NO_QUERY,dossy,icacy.
235,0,1467872355,Mon Apr 06 22:35:52 PDT 2009,NO_QUERY,bigwillthechamp,dNTap has competitive eating tourney round tourney time. We place 2nd
236,0,1467872594,Mon Apr 06 22:35:56 PDT 2009,NO_QUERY,MalloryLe,m... wake up lakin.
237,0,1467872638,Mon Apr 06 22:35:59 PDT 2009,NO_QUERY,courtosullivan,o&lt;3
238,0,1467872759,Mon Apr 06 22:35:59 PDT 2009,NO_QUERY,Augustina22CA,"female, california"
239,0,1467872940,Mon Apr 06 22:36:02 PDT 2009,NO_QUERY,sdcoyle,ice
240,0,1467873004,Mon Apr 06 22:36:03 PDT 2009,NO_QUERY,omgitsjo,kend though!!
241,0,1467873227,Mon Apr 06 22:36:06 PDT 2009,NO_QUERY,catrienmaxwell,p yet but there's nothing to do
242,0,1467873256,Mon Apr 06 22:36:06 PDT 2009,NO_QUERY,nicci718,y over ' 4 me this go round!
243,0,1467873467,Mon Apr 06 22:36:10 PDT 2009,NO_QUERY,meganminesinger,monkeys??? i just found out you my twin and you wont even write back.  i'm heartbroken
244,0,1467873592,Mon Apr 06 22:36:15 PDT 2009,NO_QUERY,nicole___,I know I felt like that yesterday at work
245,0,1467873828,Mon Apr 06 22:36:16 PDT 2009,NO_QUERY,JBarrick,dSC treaty isn't defined
246,0,1467873980,Mon Apr 06 22:36:19 PDT 2009,NO_QUERY,gregcronin,ed Brent at praise band.   No fun to not have the your lead guitarist.  &lt;pout&gt;
247,0,1467874103,Mon Apr 06 22:36:20 PDT 2009,NO_QUERY,Lisaherrity,
248,0,1467874479,Mon Apr 06 22:36:26 PDT 2009,NO_QUERY,princessseli,watching home and away it reminds me of her and me  we &lt;3 It. shout out to u courts
249,0,1467874569,Mon Apr 06 22:36:27 PDT 2009,NO_QUERY,Artiel87,
250,0,1467874916,Mon Apr 06 22:36:33 PDT 2009,NO_QUERY,jasminpatry,New video card is DOA.
251,0,1467875163,Mon Apr 06 22:36:38 PDT 2009,NO_QUERY,saraguilford12,"ling lost, naked and confused (JK, sort of).....no iphone for me."
252,0,1467875208,Mon Apr 06 22:36:39 PDT 2009,NO_QUERY,realin,upied in work
253,0,1467875930,Mon Apr 06 22:36:51 PDT 2009,NO_QUERY,gregcronin,ed Brent at praise band.  No fun to not have your lead guitarist. &lt;pout&gt;
254,0,1467876016,Mon Apr 06 22:36:52 PDT 2009,NO_QUERY,Steponme2418,thinking about him  gah
255,0,1467876133,Mon Apr 06 22:36:54 PDT 2009,NO_QUERY,benboarder,n
256,0,1467876652,Mon Apr 06 22:37:03 PDT 2009,NO_QUERY,SupernovaGirl,4chan. I have no internet moneys.  FUCK YEAH ALICIA &amp; MIKEY.
257,0,1467876711,Mon Apr 06 22:37:04 PDT 2009,NO_QUERY,latoyanlegania,er. I hate when my baby is sick
258,0,1467876944,Mon Apr 06 22:37:07 PDT 2009,NO_QUERY,taspence,Is fucked to go back to IC
259,0,1467877496,Mon Apr 06 22:37:16 PDT 2009,NO_QUERY,lizzzzlemon,ected and I'm about to go to bed.
260,0,1467877833,Mon Apr 06 22:37:22 PDT 2009,NO_QUERY,russbaker,we can
261,0,1467877865,Mon Apr 06 22:37:23 PDT 2009,NO_QUERY,hypnoticzexy,r
262,0,1467878057,Mon Apr 06 22:37:26 PDT 2009,NO_QUERY,debbieseraphina,help me forget 8th april &amp; 13th july!
263,0,1467878557,Mon Apr 06 22:37:36 PDT 2009,NO_QUERY,tshamysboo,a go so bad
264,0,1467878633,Mon Apr 06 22:37:35 PDT 2009,NO_QUERY,husqvarna,i have to take my sidekick back.
265,0,1467878929,Mon Apr 06 22:37:40 PDT 2009,NO_QUERY,VirtueIMC,y jealous! only wish my XM was working
266,0,1467878971,Mon Apr 06 22:37:41 PDT 2009,NO_QUERY,godzgurl,gr8t my face is very itchy
267,0,1467878983,Mon Apr 06 22:37:41 PDT 2009,NO_QUERY,dancingmanikin,
268,0,1467879203,Mon Apr 06 22:37:44 PDT 2009,NO_QUERY,iggyp,ible
269,0,1467879314,Mon Apr 06 22:37:46 PDT 2009,NO_QUERY,sarochka,nd the nausea is back.
270,0,1467879328,Mon Apr 06 22:37:46 PDT 2009,NO_QUERY,flowerlilly,h IÃ¯Â¿Â½m excited and not even going 2 be there  long love YOUTUBE!
271,0,1467879480,Mon Apr 06 22:37:49 PDT 2009,NO_QUERY,themangoman,spent 1 hour to reach to Axis bank only to find out today is holiday for Mahavir Jayanti  contd..
272,0,1467879984,Mon Apr 06 22:37:57 PDT 2009,NO_QUERY,marybacchus,... the jobros dont update theres very often
273,0,1467880085,Mon Apr 06 22:37:59 PDT 2009,NO_QUERY,bliumchik,@fishmouse it is hilarious and I linked the clip from LJ some time ago but when I went back just now it was a dead link
274,0,1467880431,Mon Apr 06 22:38:04 PDT 2009,NO_QUERY,finnsig,d to study  )
275,0,1467880442,Mon Apr 06 22:38:04 PDT 2009,NO_QUERY,iCalvin,Night time!
276,0,1467880463,Mon Apr 06 22:38:04 PDT 2009,NO_QUERY,sammysokol,bentley
277,0,1467880692,Mon Apr 06 22:38:08 PDT 2009,NO_QUERY,JWard86,lications
278,0,1467881131,Mon Apr 06 22:38:14 PDT 2009,NO_QUERY,dgvirtual,"tense days at work, and I am back on holiday with kids"
279,0,1467881373,Mon Apr 06 22:38:18 PDT 2009,NO_QUERY,ForzaRagazza,ectly.
280,0,1467881376,Mon Apr 06 22:38:20 PDT 2009,NO_QUERY,jasminedesiree,re I don't want him to ever punch me.
281,0,1467881457,Mon Apr 06 22:38:20 PDT 2009,NO_QUERY,kortt,
282,0,1467881474,Mon Apr 06 22:38:20 PDT 2009,NO_QUERY,__Susan__,@ITS_NEMESIS -------
283,0,1467881686,Mon Apr 06 22:38:24 PDT 2009,NO_QUERY,aoski,@LoveMeagan it doesn't work your fan is upset
284,0,1467881809,Mon Apr 06 22:38:26 PDT 2009,NO_QUERY,wcarss,n. Stern.
285,0,1467881897,Mon Apr 06 22:38:30 PDT 2009,NO_QUERY,drtaru,@zaydia but i cant figure out how to get there / back / pay for a hotel etc
286,0,1467881920,Mon Apr 06 22:38:28 PDT 2009,NO_QUERY,mumu1210,es AGAIN
287,0,1467882140,Mon Apr 06 22:38:32 PDT 2009,NO_QUERY,nyracat,s now for the pain.
288,0,1467882491,Mon Apr 06 22:38:37 PDT 2009,NO_QUERY,Stereo_Skyline,back
289,0,1467882592,Mon Apr 06 22:38:39 PDT 2009,NO_QUERY,veelishus,as
290,0,1467882902,Mon Apr 06 22:38:44 PDT 2009,NO_QUERY,usagiko,d to you.
291,0,1467888679,Mon Apr 06 22:40:15 PDT 2009,NO_QUERY,weisenly,I'm afraid I had bad code.
292,0,1467888732,Mon Apr 06 22:40:18 PDT 2009,NO_QUERY,ChrisJNewman,ght. I hate this
293,0,1467888953,Mon Apr 06 22:40:20 PDT 2009,NO_QUERY,stefanip,"@riancurtis  i'm here, friend, and i love you."
294,0,1467889231,Mon Apr 06 22:40:24 PDT 2009,NO_QUERY,luannem,ded DB2 is it??
295,0,1467889251,Mon Apr 06 22:40:24 PDT 2009,NO_QUERY,krissivee,!
296,0,1467889334,Mon Apr 06 22:40:26 PDT 2009,NO_QUERY,Angela004,!
297,0,1467889574,Mon Apr 06 22:40:30 PDT 2009,NO_QUERY,Nrose09,ows me to go at night  its tough!
298,0,1467889791,Mon Apr 06 22:40:33 PDT 2009,NO_QUERY,jennhelvering,d
299,0,1467889988,Mon Apr 06 22:40:36 PDT 2009,NO_QUERY,FeedMeTrance,ml of coke
300,0,1467890079,Mon Apr 06 22:40:38 PDT 2009,NO_QUERY,BATMANNN,ived
301,0,1467890212,Mon Apr 06 22:40:43 PDT 2009,NO_QUERY,MorganWillis,l wants to rape me some more.
302,0,1467890222,Mon Apr 06 22:40:40 PDT 2009,NO_QUERY,AUSTINMONIQUE,time
303,0,1467890723,Mon Apr 06 22:40:48 PDT 2009,NO_QUERY,Arneenxx,ignment and hopes she doesnt get in trouble when she gets back
304,0,1467891826,Mon Apr 06 22:41:07 PDT 2009,NO_QUERY,elamparuthi,d PHP 5 . but my hosting provider has only PHP 4.4  . very sad.
305,0,1467891880,Mon Apr 06 22:41:06 PDT 2009,NO_QUERY,Ps8612,night. :-/
306,0,1467892075,Mon Apr 06 22:41:09 PDT 2009,NO_QUERY,ARExistence,"I wish I was!  Sold out   If you have some time let me know, I would love to hear more about what you are up to!"
307,0,1467892419,Mon Apr 06 22:41:15 PDT 2009,NO_QUERY,dEnNy_333,ow
308,0,1467892515,Mon Apr 06 22:41:16 PDT 2009,NO_QUERY,Tuhtsqueen,'n...
309,0,1467892667,Mon Apr 06 22:41:19 PDT 2009,NO_QUERY,karlcswanson,ChiefDelphi is down
310,0,1467892720,Mon Apr 06 22:41:20 PDT 2009,NO_QUERY,sarawang,p  (picture stolen from him)
311,0,1467892760,Mon Apr 06 22:41:20 PDT 2009,NO_QUERY,voguea,me yet...
312,0,1467892889,Mon Apr 06 22:41:22 PDT 2009,NO_QUERY,SPYSG,p://tinyurl.com/cw2l9t
313,0,1467892945,Mon Apr 06 22:41:25 PDT 2009,NO_QUERY,colorful_kelsey,r Joshy is sick???   those damn tejanos!
314,0,1467893163,Mon Apr 06 22:41:27 PDT 2009,NO_QUERY,hotrodlopez,icult and sad time
315,0,1467893258,Mon Apr 06 22:41:29 PDT 2009,NO_QUERY,wandafay,ening
316,0,1467893275,Mon Apr 06 22:41:29 PDT 2009,NO_QUERY,TiM_Cunningham,Michigan who?  I don't know them.                   *sigh*   Shameful!
317,0,1467893504,Mon Apr 06 22:41:33 PDT 2009,NO_QUERY,cday88,two hours
318,0,1467893730,Mon Apr 06 22:41:36 PDT 2009,NO_QUERY,lisha_e,ing you girls everyday
319,0,1467894593,Mon Apr 06 22:41:52 PDT 2009,NO_QUERY,Tanja71,ice
320,0,1467894600,Mon Apr 06 22:41:51 PDT 2009,NO_QUERY,dreaaa,d idea
321,0,1467894746,Mon Apr 06 22:41:54 PDT 2009,NO_QUERY,jenners101,r family.
322,0,1467894749,Mon Apr 06 22:41:54 PDT 2009,NO_QUERY,Fudgey84,wishing i was home underneath my covers
323,0,1467894750,Mon Apr 06 22:41:54 PDT 2009,NO_QUERY,tilleywilly,my energy
324,0,1467894786,Mon Apr 06 22:41:55 PDT 2009,NO_QUERY,otherbella,k.  Noah was awesome tho!
325,0,1467894841,Mon Apr 06 22:41:56 PDT 2009,NO_QUERY,JamieMphoto,ed?
326,0,1467894898,Mon Apr 06 22:41:57 PDT 2009,NO_QUERY,ylajennytambien,er at writing. It's taking me so long to write this paper.
327,0,1467895048,Mon Apr 06 22:41:59 PDT 2009,NO_QUERY,abean2007,MS...
328,0,1467895109,Mon Apr 06 22:42:00 PDT 2009,NO_QUERY,IncomeDiscovery,le bit busy with my latest project.
329,0,1467895424,Mon Apr 06 22:42:07 PDT 2009,NO_QUERY,MissPassion,lestout Ha the sun's already gone
330,0,1467895478,Mon Apr 06 22:42:06 PDT 2009,NO_QUERY,sprtsgrl04,ow.
331,0,1467895481,Mon Apr 06 22:42:08 PDT 2009,NO_QUERY,RedTheTrucker,My man crush Jake Peavy let me down  #gayforpeavy
332,0,1467895712,Mon Apr 06 22:42:10 PDT 2009,NO_QUERY,larabehnert,"you bad. Tried to warn you, tech fail"
333,0,1467896211,Mon Apr 06 22:42:18 PDT 2009,NO_QUERY,summerseelye,michigan state you make me sad
334,0,1467896253,Mon Apr 06 22:42:19 PDT 2009,NO_QUERY,chimshar,.
335,0,1467896463,Mon Apr 06 22:42:22 PDT 2009,NO_QUERY,algaebiofuels,p://tinyurl.com/ceprvs
336,0,1467896777,Mon Apr 06 22:42:28 PDT 2009,NO_QUERY,EricaLeigh777,Chievouz Hey girl. The site is back.  Girlyvue is back and they have even more videos.
337,0,1467896778,Mon Apr 06 22:42:28 PDT 2009,NO_QUERY,hellostaci,les by herself.
338,0,1467896898,Mon Apr 06 22:42:30 PDT 2009,NO_QUERY,alohasassy,just got home from watching Michigan State get tromped!
339,0,1467896911,Mon Apr 06 22:42:30 PDT 2009,NO_QUERY,diet_lard,ible...my bones ache
340,0,1467896996,Mon Apr 06 22:42:32 PDT 2009,NO_QUERY,aeoth,ived
341,0,1467897316,Mon Apr 06 22:42:37 PDT 2009,NO_QUERY,nicolegreen,l miserable!
342,0,1467897981,Mon Apr 06 22:42:47 PDT 2009,NO_QUERY,jcphoto,F and Sat until 4...
343,0,1467898061,Mon Apr 06 22:42:49 PDT 2009,NO_QUERY,Kevin_Lately,eacted &amp; clamped down
344,0,1467898076,Mon Apr 06 22:42:51 PDT 2009,NO_QUERY,suze2000,d spot for red carpet for the Trek Movie Premiere. Sod!
345,0,1467898078,Mon Apr 06 22:42:49 PDT 2009,NO_QUERY,paulmoreton1978,"ing up at 5am, it never gets any easier. Man my eyes hurts wah"
346,0,1467898511,Mon Apr 06 22:42:56 PDT 2009,NO_QUERY,Day_Zee,k
347,0,1467898676,Mon Apr 06 22:42:59 PDT 2009,NO_QUERY,AnimePlanet,that coming
348,0,1467899025,Mon Apr 06 22:43:06 PDT 2009,NO_QUERY,oup,ose to snow! WTF!
349,0,1467899451,Mon Apr 06 22:43:12 PDT 2009,NO_QUERY,aileen2u2,y
350,0,1467899605,Mon Apr 06 22:43:15 PDT 2009,NO_QUERY,remzology,king for.
351,0,1467899707,Mon Apr 06 22:43:17 PDT 2009,NO_QUERY,abean2007,on the gamertag 'Hitokyri'. This 5 gamertag thing is nonsense... and I'm tired of it
352,0,1467899753,Mon Apr 06 22:43:18 PDT 2009,NO_QUERY,Sheezy3380,New Testament Test at 9:30 am
353,0,1467900033,Mon Apr 06 22:43:23 PDT 2009,NO_QUERY,edlimagno,
354,0,1467900037,Mon Apr 06 22:43:22 PDT 2009,NO_QUERY,tracious,!
355,0,1467900244,Mon Apr 06 22:43:26 PDT 2009,NO_QUERY,Mowgli3,"p://twitpic.com/2y2yi - I love you, Buck."
356,0,1467900431,Mon Apr 06 22:43:29 PDT 2009,NO_QUERY,cescajo,not done!!!
357,0,1467900545,Mon Apr 06 22:43:31 PDT 2009,NO_QUERY,brookes4402,homework....
358,0,1467900898,Mon Apr 06 22:43:38 PDT 2009,NO_QUERY,SullieSullivan,I don't understand why things get taken away. I didn't have enough time with him its unfair. I want him back!! He was like my baby
359,0,1467901135,Mon Apr 06 22:43:42 PDT 2009,NO_QUERY,LaurelieSunny,ts
360,0,1467901188,Mon Apr 06 22:43:43 PDT 2009,NO_QUERY,bonerjamz,them so much  can we go to chi town for visits plz?
361,0,1467901250,Mon Apr 06 22:43:44 PDT 2009,NO_QUERY,jiriteach,going! Ah its dark and
362,0,1467901346,Mon Apr 06 22:43:46 PDT 2009,NO_QUERY,gildardomunoz,yl EVERBODY!!!
363,0,1467901437,Mon Apr 06 22:43:48 PDT 2009,NO_QUERY,Arneenxx,( ur reply about uni from ages ago
364,0,1467901500,Mon Apr 06 22:43:49 PDT 2009,NO_QUERY,thegeach,ling down
365,0,1467901839,Mon Apr 06 22:43:54 PDT 2009,NO_QUERY,SummerJSanders,this late night eating.. Both of us are broke
366,0,1467904302,Mon Apr 06 22:44:34 PDT 2009,NO_QUERY,bsbnumber1fan,?  Break. My. Heart.
367,0,1467905125,Mon Apr 06 22:44:48 PDT 2009,NO_QUERY,veronica78,wonder if Jon lost the net
368,0,1467905378,Mon Apr 06 22:44:52 PDT 2009,NO_QUERY,raymondroman,er of seconds.  #FML
369,0,1467905653,Mon Apr 06 22:44:57 PDT 2009,NO_QUERY,KishoreK,says not in stock
370,0,1467906151,Mon Apr 06 22:45:05 PDT 2009,NO_QUERY,julez4,!
371,0,1467906345,Mon Apr 06 22:45:08 PDT 2009,NO_QUERY,aeoth,y (for @MTUB) isn't loud?
372,0,1467906496,Mon Apr 06 22:45:10 PDT 2009,NO_QUERY,cristiana346,ing
373,0,1467906723,Mon Apr 06 22:45:13 PDT 2009,NO_QUERY,smileygab,listening to nathan cry....
374,0,1467907298,Mon Apr 06 22:45:22 PDT 2009,NO_QUERY,kyljadeee,!
375,0,1467907751,Mon Apr 06 22:45:29 PDT 2009,NO_QUERY,mementototem,"2 exam, and open course, I must wait for mail notices and doc. um..."
376,0,1467907876,Mon Apr 06 22:45:31 PDT 2009,NO_QUERY,jcknox80,quick
377,0,1467908012,Mon Apr 06 22:45:33 PDT 2009,NO_QUERY,scrappysgirl,in him already
378,0,1467908134,Mon Apr 06 22:45:37 PDT 2009,NO_QUERY,lindilej,ing with me
379,0,1467908456,Mon Apr 06 22:45:40 PDT 2009,NO_QUERY,ArtyGreig,started and  I am now a life coach practising holistic weight management
380,0,1467908672,Mon Apr 06 22:45:44 PDT 2009,NO_QUERY,collegepolitico,sad
381,0,1467908798,Mon Apr 06 22:45:46 PDT 2009,NO_QUERY,vmethod,d a new boyfriend... I'm stuck in a rut
382,0,1467908853,Mon Apr 06 22:45:47 PDT 2009,NO_QUERY,ForeverYours__,l like a complete idiot. I'm the only one who doesn't get how this shit works  help me
383,0,1467909124,Mon Apr 06 22:45:51 PDT 2009,NO_QUERY,SuperSteff,y psyched! But realized it was a hoax
384,0,1467909222,Mon Apr 06 22:45:53 PDT 2009,NO_QUERY,LAbite,p://tinyurl.com/cec5ka
385,0,1467909292,Mon Apr 06 22:45:54 PDT 2009,NO_QUERY,satori,be. it's only Monday
386,0,1467910531,Mon Apr 06 22:46:14 PDT 2009,NO_QUERY,InaVill,episode already
387,0,1467910689,Mon Apr 06 22:46:16 PDT 2009,NO_QUERY,chordsontheline,watching Rocko's Modern Life.
388,0,1467910932,Mon Apr 06 22:46:20 PDT 2009,NO_QUERY,aficure,RIP Sandra....its so sad    how can someone do something like that??
389,0,1467910986,Mon Apr 06 22:46:24 PDT 2009,NO_QUERY,Jesilynj,.
390,0,1467910995,Mon Apr 06 22:46:22 PDT 2009,NO_QUERY,cristinesantos,y for vegas!! I'm hungry!
391,0,1467911036,Mon Apr 06 22:46:24 PDT 2009,NO_QUERY,marodi,"ion. Or it hated me, I'm not sure..."
392,0,1467911302,Mon Apr 06 22:46:27 PDT 2009,NO_QUERY,jeanyah,"ing anything, just sayin"
393,0,1467911624,Mon Apr 06 22:46:32 PDT 2009,NO_QUERY,Mati_UOIT,has such a strong hold on me
394,0,1467911846,Mon Apr 06 22:46:36 PDT 2009,NO_QUERY,livetosingxo,. NIGHT!
395,0,1467912100,Mon Apr 06 22:46:40 PDT 2009,NO_QUERY,simaino,"@carolrainbow no Internet at home, have to drive into Ox to use Internet because of builders!"
396,0,1467912333,Mon Apr 06 22:46:44 PDT 2009,NO_QUERY,Meg_Andruschak,zing
397,0,1467912572,Mon Apr 06 22:46:48 PDT 2009,NO_QUERY,Amilliemills,d.
398,0,1467912842,Mon Apr 06 22:46:53 PDT 2009,NO_QUERY,KimberlyKane,@danadearmond
399,0,1467912994,Mon Apr 06 22:46:55 PDT 2009,NO_QUERY,missolivee,anyone who reads this pray for my Grandma. She's in pain
400,0,1467913111,Mon Apr 06 22:46:57 PDT 2009,NO_QUERY,nssmom,ing his pants.
401,0,1467913608,Mon Apr 06 22:47:05 PDT 2009,NO_QUERY,qsexy,y lost her shoe.
402,0,1467914434,Mon Apr 06 22:47:22 PDT 2009,NO_QUERY,anaxxx04,ybeane hey! you just changed your default.
403,0,1467914499,Mon Apr 06 22:47:21 PDT 2009,NO_QUERY,yaaritemuna,y gave in and was bored enough to start this thing. I think the 140 is going to be a problem for me tho.  its like a myspace status.
404,0,1467914916,Mon Apr 06 22:47:28 PDT 2009,NO_QUERY,silverytides,early for work.
405,0,1467915140,Mon Apr 06 22:47:32 PDT 2009,NO_QUERY,valthatgal,load of homework!
406,0,1467915612,Mon Apr 06 22:47:40 PDT 2009,NO_QUERY,f8al,8
407,0,1467915670,Mon Apr 06 22:47:41 PDT 2009,NO_QUERY,lizziehalfpenny,be in
408,0,1467916510,Mon Apr 06 22:47:56 PDT 2009,NO_QUERY,Daniiej,a fail
409,0,1467916595,Mon Apr 06 22:47:58 PDT 2009,NO_QUERY,LaTtEX,"ine tourism, but coral/clam/rare fish poaching did it in. Kinda sad"
410,0,1467916695,Mon Apr 06 22:48:00 PDT 2009,NO_QUERY,wireandroses,y bad taste
411,0,1467916700,Mon Apr 06 22:48:00 PDT 2009,NO_QUERY,EricaLeigh777,out.
412,0,1467916820,Mon Apr 06 22:48:02 PDT 2009,NO_QUERY,dini123,p..
413,0,1467916841,Mon Apr 06 22:48:02 PDT 2009,NO_QUERY,danadearmond,
414,0,1467916851,Mon Apr 06 22:48:03 PDT 2009,NO_QUERY,digitales,ent
415,0,1467916959,Mon Apr 06 22:48:04 PDT 2009,NO_QUERY,_emmajane_,ouncement? i stayed up late last night
416,0,1467917177,Mon Apr 06 22:48:08 PDT 2009,NO_QUERY,nchokkan,"ents avlbl everywhere, legal DVD not in stock  What do I do now???"
417,0,1467917302,Mon Apr 06 22:48:10 PDT 2009,NO_QUERY,dmjc,U
418,0,1467917484,Mon Apr 06 22:48:13 PDT 2009,NO_QUERY,FuzzyPandaButt,MTS
419,0,1467917499,Mon Apr 06 22:48:14 PDT 2009,NO_QUERY,VictoriaBahar,"z, I was just trying to help  Haha."
420,0,1467917718,Mon Apr 06 22:48:17 PDT 2009,NO_QUERY,beccaomgz,n lighter!
421,0,1467917800,Mon Apr 06 22:48:19 PDT 2009,NO_QUERY,Sarinluck,es in each day!
422,0,1467918015,Mon Apr 06 22:48:23 PDT 2009,NO_QUERY,Kayla_Ann09,yea it is so quiet around here cuz everyone has to work im bored to death with nobody to talk to
423,0,1467918552,Mon Apr 06 22:48:32 PDT 2009,NO_QUERY,AimeePonticello,hard
424,0,1467918560,Mon Apr 06 22:48:32 PDT 2009,NO_QUERY,jkenneth,"had them before. No one ever told me, never"
425,0,1467918682,Mon Apr 06 22:48:34 PDT 2009,NO_QUERY,Lindsey_,"ifermf I know!  I'm a night owl by nature, hahaha Am I a time zone behind you? It's almost 1 here"
426,0,1467918728,Mon Apr 06 22:48:35 PDT 2009,NO_QUERY,TidyCat,@mamasvan lol - nope! but i did have complete #camerafail
427,0,1467918812,Mon Apr 06 22:48:37 PDT 2009,NO_QUERY,FaithfulChosen,!!!
428,0,1467918850,Mon Apr 06 22:48:38 PDT 2009,NO_QUERY,sthrn_belle,%!!! No more sodas!!!!!!!!!!!!!!
429,0,1467919055,Mon Apr 06 22:48:42 PDT 2009,NO_QUERY,Jeffficus,t something damn it!  and hang out with me please?
430,0,1467919452,Mon Apr 06 22:48:48 PDT 2009,NO_QUERY,jtmal0723,@anistorm
431,0,1467919538,Mon Apr 06 22:48:50 PDT 2009,NO_QUERY,ubecupcake,er. I'm yesterday's news
432,0,1467919762,Mon Apr 06 22:48:53 PDT 2009,NO_QUERY,Properteacup,n as I got home  I had a chocolate velvet &amp; ate d mocha
433,0,1467919765,Mon Apr 06 22:48:54 PDT 2009,NO_QUERY,aerlyne,ps flashing a red alert status for no reason!! Its faking me out and I hate it!!!
434,0,1467922983,Mon Apr 06 22:49:51 PDT 2009,NO_QUERY,cinnayum,a wear my Doc Martens out! Haven't worn them since December.
435,0,1467923235,Mon Apr 06 22:49:55 PDT 2009,NO_QUERY,Bunkermeister,if he can find them in a couple days.
436,0,1467923247,Mon Apr 06 22:49:55 PDT 2009,NO_QUERY,ScullyorSuz,that coming
437,0,1467923370,Mon Apr 06 22:49:57 PDT 2009,NO_QUERY,xmattxwalkerx,with the lights on.
438,0,1467923445,Mon Apr 06 22:49:58 PDT 2009,NO_QUERY,bnycastro,port
439,0,1467923775,Mon Apr 06 22:50:03 PDT 2009,NO_QUERY,chann16,
440,0,1467924273,Mon Apr 06 22:50:11 PDT 2009,NO_QUERY,xll00llx,ing sick
441,0,1467924690,Mon Apr 06 22:50:17 PDT 2009,NO_QUERY,FlyRice,on!!!
442,0,1467924823,Mon Apr 06 22:50:19 PDT 2009,NO_QUERY,ashleyjanne,n Town.
443,0,1467925327,Mon Apr 06 22:50:28 PDT 2009,NO_QUERY,br3nda,through
444,0,1467925657,Mon Apr 06 22:50:34 PDT 2009,NO_QUERY,aisyahsamsudin,ting!
445,0,1467926153,Mon Apr 06 22:50:43 PDT 2009,NO_QUERY,IGetsBusy514,@EazyDoesIt87 NEGATIVE.. you lost my vote of confidence
446,0,1467926444,Mon Apr 06 22:50:48 PDT 2009,NO_QUERY,ElliotTucker,le today.
447,0,1467926546,Mon Apr 06 22:50:49 PDT 2009,NO_QUERY,aragorn_elessar,_Noel thatÃ¯Â¿Â½s bad
448,0,1467926632,Mon Apr 06 22:50:51 PDT 2009,NO_QUERY,kailashvasupati,le now won't do anything
449,0,1467927016,Mon Apr 06 22:50:58 PDT 2009,NO_QUERY,TK04,internet has ceased
450,0,1467927126,Mon Apr 06 22:51:00 PDT 2009,NO_QUERY,missria,y. How much can I take from people and always get hurt by others!!
451,0,1467927987,Mon Apr 06 22:51:13 PDT 2009,NO_QUERY,FuhQ,Car show season has started without me
452,0,1467928014,Mon Apr 06 22:51:14 PDT 2009,NO_QUERY,brivonboo,my throat is raw.
453,0,1467928037,Mon Apr 06 22:51:17 PDT 2009,NO_QUERY,leamonet,@KevChoice I just don't get it. What in a persons mind could even have them on some ish like this???  My prayers are with her fam for real
454,0,1467928300,Mon Apr 06 22:51:19 PDT 2009,NO_QUERY,sonnyjohl,my therapist now.
455,0,1467928490,Mon Apr 06 22:51:24 PDT 2009,NO_QUERY,JRDM,ed for today
456,0,1467928676,Mon Apr 06 22:51:25 PDT 2009,NO_QUERY,latoyanlegania,you sick  Love you!
457,0,1467928749,Mon Apr 06 22:51:26 PDT 2009,NO_QUERY,calliott,ow to study for
458,0,1467928764,Mon Apr 06 22:51:27 PDT 2009,NO_QUERY,you_undaft_cow,d money
459,0,1467929184,Mon Apr 06 22:51:33 PDT 2009,NO_QUERY,diver,omg..its jst teusday
460,0,1467929230,Mon Apr 06 22:51:34 PDT 2009,NO_QUERY,toritor11,i cant find it.
461,0,1467929248,Mon Apr 06 22:51:34 PDT 2009,NO_QUERY,SHARisDOPE,Just heard that they found Sandra Cantu... She was only 8 yrs old
462,0,1467929601,Mon Apr 06 22:51:40 PDT 2009,NO_QUERY,auntynessanoo,t again...
463,0,1467929809,Mon Apr 06 22:51:44 PDT 2009,NO_QUERY,linnix,y about that
464,0,1467929915,Mon Apr 06 22:51:46 PDT 2009,NO_QUERY,zeegirl602,"a shower, dangit!!"
465,0,1467930017,Mon Apr 06 22:51:48 PDT 2009,NO_QUERY,Glycel,stuck at home
466,0,1467930083,Mon Apr 06 22:51:49 PDT 2009,NO_QUERY,sweisbrot,mine is 1/10  how do you get it up?
467,0,1467930157,Mon Apr 06 22:51:50 PDT 2009,NO_QUERY,sunshinegarma,p://tinyurl.com/dc2htx via @ShareThis OH NO!!
468,0,1467930220,Mon Apr 06 22:51:51 PDT 2009,NO_QUERY,TradingGoddess,"ox_News Thank you! However, I hate to be on the same list that includes 2 convicts."
469,0,1467930309,Mon Apr 06 22:51:52 PDT 2009,NO_QUERY,robbiebrown,
470,0,1467930341,Mon Apr 06 22:51:53 PDT 2009,NO_QUERY,GemDoughnut,
471,0,1467930699,Mon Apr 06 22:51:59 PDT 2009,NO_QUERY,glorysevenfold,cuntstar  I don't have a garage.  But you can park in my driveway!
472,0,1467931027,Mon Apr 06 22:52:07 PDT 2009,NO_QUERY,enfox,ened?
473,0,1467931070,Mon Apr 06 22:52:06 PDT 2009,NO_QUERY,calee01,ling to continue
474,0,1467931396,Mon Apr 06 22:52:11 PDT 2009,NO_QUERY,utehbaik,phone
475,0,1467931501,Mon Apr 06 22:52:13 PDT 2009,NO_QUERY,soulonfire68,ing used to the nice Spring-like weather.  How about you?
476,0,1467931736,Mon Apr 06 22:52:19 PDT 2009,NO_QUERY,Gordie_Rogers,the vids.
477,0,1467931839,Mon Apr 06 22:52:18 PDT 2009,NO_QUERY,dmurda6,ened to your show it was the hightlight of my life
478,0,1467931983,Mon Apr 06 22:52:21 PDT 2009,NO_QUERY,terrcin,here working
479,0,1467932117,Mon Apr 06 22:52:23 PDT 2009,NO_QUERY,stewartizer,ed
480,0,1467932208,Mon Apr 06 22:52:25 PDT 2009,NO_QUERY,rachelgab,y
481,0,1467932372,Mon Apr 06 22:52:27 PDT 2009,NO_QUERY,baybiegela,her..
482,0,1467932549,Mon Apr 06 22:52:31 PDT 2009,NO_QUERY,erynfreakincody,ies
483,0,1467932979,Mon Apr 06 22:52:38 PDT 2009,NO_QUERY,xkhaotik,!
484,0,1467933048,Mon Apr 06 22:52:39 PDT 2009,NO_QUERY,stacymartinez,@alejandralei i dont think i can cause its my cousins birthday party
485,0,1467933102,Mon Apr 06 22:52:42 PDT 2009,NO_QUERY,chelseajohns,ed them so much today!
486,0,1467933112,Mon Apr 06 22:52:40 PDT 2009,NO_QUERY,elenasarmie,kend
487,0,1467933295,Mon Apr 06 22:52:44 PDT 2009,NO_QUERY,funkyfreshbabe,trust is hard
488,0,1467933494,Mon Apr 06 22:52:47 PDT 2009,NO_QUERY,AlexKayy,d my bestfriend
489,0,1467933623,Mon Apr 06 22:52:50 PDT 2009,NO_QUERY,xemilyxmariex,p reading but if i do i wont have anything left to read
490,0,1467933662,Mon Apr 06 22:52:50 PDT 2009,NO_QUERY,baybiegela,", where in the world are you??"
491,0,1467933685,Mon Apr 06 22:52:51 PDT 2009,NO_QUERY,FAKELeah,osed to be my date
492,0,1467934004,Mon Apr 06 22:52:56 PDT 2009,NO_QUERY,malice_sin,d my life flashed forward to when I'm 40 with my 75 cats
493,0,1467934184,Mon Apr 06 22:52:59 PDT 2009,NO_QUERY,wx1901,.
494,0,1467934481,Mon Apr 06 22:53:04 PDT 2009,NO_QUERY,missb2818,ening.
495,0,1467934606,Mon Apr 06 22:53:06 PDT 2009,NO_QUERY,fictillius,z ur no fun are you
496,0,1467935121,Mon Apr 06 22:53:14 PDT 2009,NO_QUERY,SicklyInfected,a be in a punk rock band again
497,0,1467935189,Mon Apr 06 22:53:15 PDT 2009,NO_QUERY,AshleighF,n
498,0,1467935271,Mon Apr 06 22:53:19 PDT 2009,NO_QUERY,andreakuefler,k County!
499,0,1467935345,Mon Apr 06 22:53:18 PDT 2009,NO_QUERY,mmmelissa,l like crap!
500,0,1467936498,Mon Apr 06 22:53:39 PDT 2009,NO_QUERY,jtmal0723,y
501,0,1467936541,Mon Apr 06 22:53:40 PDT 2009,NO_QUERY,justynwarner,...
502,0,1467936901,Mon Apr 06 22:53:47 PDT 2009,NO_QUERY,Obstreperous,k forever.
503,0,1467937038,Mon Apr 06 22:53:49 PDT 2009,NO_QUERY,shockboard,.
504,0,1467937128,Mon Apr 06 22:53:50 PDT 2009,NO_QUERY,treywoodward,s season premier without me..
505,0,1467937189,Mon Apr 06 22:53:52 PDT 2009,NO_QUERY,bitchville,ks.
506,0,1467937250,Mon Apr 06 22:53:53 PDT 2009,NO_QUERY,JMoze,Just lost $160
507,0,1467937393,Mon Apr 06 22:53:55 PDT 2009,NO_QUERY,iwantyourjeep,I don't like the previously on skins thing that starts at season two. I like it when it went straight into the intro like before
508,0,1467937402,Mon Apr 06 22:53:55 PDT 2009,NO_QUERY,haunter_,d at scaring the shit out of people
509,0,1467942658,Mon Apr 06 22:55:25 PDT 2009,NO_QUERY,katidink,
510,0,1467943007,Mon Apr 06 22:55:30 PDT 2009,NO_QUERY,vibratoria,er. yucky
511,0,1467943375,Mon Apr 06 22:55:37 PDT 2009,NO_QUERY,dodginjohn,from work you get sick?
512,0,1467943526,Mon Apr 06 22:55:40 PDT 2009,NO_QUERY,javajive,@pratama Same iMac came out $320 more in Indonesia than the States.
513,0,1467943851,Mon Apr 06 22:55:48 PDT 2009,NO_QUERY,EuniceKwon,d to stop buying furniture
514,0,1467943966,Mon Apr 06 22:55:48 PDT 2009,NO_QUERY,Lora_June,the laptop after that
515,0,1467944261,Mon Apr 06 22:55:53 PDT 2009,NO_QUERY,theofficialyesi,"Death is peaceful,  life however, bites"
516,0,1467944317,Mon Apr 06 22:55:54 PDT 2009,NO_QUERY,veronica78,i think @JonathanRKnight lost the net ? sure hope not
517,0,1467944552,Mon Apr 06 22:56:00 PDT 2009,NO_QUERY,tjslater,tage with my girlfriend (in HD) The dark one is underxposed
518,0,1467944581,Mon Apr 06 22:56:01 PDT 2009,NO_QUERY,JennaBennett01,s!
519,0,1467944654,Mon Apr 06 22:56:00 PDT 2009,NO_QUERY,coryosborn,ort for hpricot is now two versions behind
520,0,1467944871,Mon Apr 06 22:56:03 PDT 2009,NO_QUERY,MrOtsKrad,don't have one
521,0,1467945151,Mon Apr 06 22:56:08 PDT 2009,NO_QUERY,Caprica,ho
522,0,1467945476,Mon Apr 06 22:56:13 PDT 2009,NO_QUERY,anamrosado,d to study....
523,0,1467945704,Mon Apr 06 22:56:17 PDT 2009,NO_QUERY,amfairie,B??? I cant get on!!!
524,0,1467945787,Mon Apr 06 22:56:18 PDT 2009,NO_QUERY,swimmermeg,ents and dont know the whole story
525,0,1467945885,Mon Apr 06 22:56:20 PDT 2009,NO_QUERY,GillianMe,"a, is swarley a goldfish? i'm sad for u."
526,0,1467946026,Mon Apr 06 22:56:23 PDT 2009,NO_QUERY,nissanicole,ed you guys tonight.
527,0,1467946137,Mon Apr 06 22:56:25 PDT 2009,NO_QUERY,kelilyma,ow? Doubtful.
528,0,1467946559,Mon Apr 06 22:56:32 PDT 2009,NO_QUERY,tollers,"r, he chases and she runs."
529,0,1467946592,Mon Apr 06 22:56:35 PDT 2009,NO_QUERY,Velvet_Rope,ily gone to Boba
530,0,1467946749,Mon Apr 06 22:56:36 PDT 2009,NO_QUERY,dreaaa,y much just scary for me
531,0,1467946810,Mon Apr 06 22:56:37 PDT 2009,NO_QUERY,TheDarrenxshow,hard to get fit...
532,0,1467947005,Mon Apr 06 22:56:40 PDT 2009,NO_QUERY,tamisara,"d morning! Ready 2 go, but I want 2 go back 2 bed"
533,0,1467947104,Mon Apr 06 22:56:42 PDT 2009,NO_QUERY,maddyks,hates waiting for mails
534,0,1467947557,Mon Apr 06 22:56:50 PDT 2009,NO_QUERY,katprimeau,ing it an early night
535,0,1467947713,Mon Apr 06 22:56:56 PDT 2009,NO_QUERY,ScullyorSuz,sad
536,0,1467947913,Mon Apr 06 22:56:58 PDT 2009,NO_QUERY,jonsgrownwoman,nite....
537,0,1467948169,Mon Apr 06 22:57:01 PDT 2009,NO_QUERY,BellaTanner,so i cant go to the cinema!!
538,0,1467948434,Mon Apr 06 22:57:05 PDT 2009,NO_QUERY,sftballlover45,*christina*
539,0,1467948521,Mon Apr 06 22:57:07 PDT 2009,NO_QUERY,amomca,p
540,0,1467948526,Mon Apr 06 22:57:07 PDT 2009,NO_QUERY,omgwtfannie,s right now
541,0,1467948979,Mon Apr 06 22:57:14 PDT 2009,NO_QUERY,JoeJoeCastillo,be able to listen to the Xbox 360 Fancast tonite
542,0,1467949047,Mon Apr 06 22:57:15 PDT 2009,NO_QUERY,kortniewestfall,ing playing my trumpet
543,0,1467949516,Mon Apr 06 22:57:24 PDT 2009,NO_QUERY,skitterrusty,y sore. I was meant to be going on a 5 day camp from Friday but not so sure now
544,0,1467949681,Mon Apr 06 22:57:27 PDT 2009,NO_QUERY,harishanker,l!
545,0,1467949746,Mon Apr 06 22:57:28 PDT 2009,NO_QUERY,xShyGirlx,At work
546,0,1467949969,Mon Apr 06 22:57:32 PDT 2009,NO_QUERY,mortambo,k on Wednesday.
547,0,1467950027,Mon Apr 06 22:57:33 PDT 2009,NO_QUERY,dcousineau,@hert Jesus Camp? Yeah...
548,0,1467950029,Mon Apr 06 22:57:33 PDT 2009,NO_QUERY,guardian_renata,ow.
549,0,1467950217,Mon Apr 06 22:57:37 PDT 2009,NO_QUERY,vera7,er than my Mac - lasts longer and moves faster
550,0,1467950510,Mon Apr 06 22:57:41 PDT 2009,NO_QUERY,squone,I am soaked. This is not pleasant
551,0,1467950588,Mon Apr 06 22:57:43 PDT 2009,NO_QUERY,lanaveenker,ie.    Thoughts to your mum.
552,0,1467950600,Mon Apr 06 22:57:43 PDT 2009,NO_QUERY,KellyOut,er.
553,0,1467950649,Mon Apr 06 22:57:44 PDT 2009,NO_QUERY,TymeekVasquez,in on wen im leavin
554,0,1467950687,Mon Apr 06 22:57:44 PDT 2009,NO_QUERY,Hollywood_Trey,ME THAT'S SOMEWHERE CLOSE TO CALIFORNIA!!! LOL!
555,0,1467950866,Mon Apr 06 22:57:47 PDT 2009,NO_QUERY,melbrehl,@phlaimeaux where are you?
556,0,1467950975,Mon Apr 06 22:57:52 PDT 2009,NO_QUERY,sunsetphotograf,y me...love you!
557,0,1467951016,Mon Apr 06 22:57:50 PDT 2009,NO_QUERY,ccallas,"ser, and that is what the show implies"
558,0,1467951035,Mon Apr 06 22:57:50 PDT 2009,NO_QUERY,3WildBoys,r Sandra Cantu &amp; the Cantu family! My prayers go out to them! What a sick world we live in. She was only 8
559,0,1467951238,Mon Apr 06 22:57:54 PDT 2009,NO_QUERY,roniker,fuck omg  austins always there though man &lt;3 love you
560,0,1467951252,Mon Apr 06 22:57:54 PDT 2009,NO_QUERY,kirstenmaree,hew died
561,0,1467951422,Mon Apr 06 22:57:57 PDT 2009,NO_QUERY,felloff,
562,0,1467951568,Mon Apr 06 22:57:59 PDT 2009,NO_QUERY,spcake,.
563,0,1467951850,Mon Apr 06 22:58:04 PDT 2009,NO_QUERY,MissT09,absolutely not!!
564,0,1467951931,Mon Apr 06 22:58:05 PDT 2009,NO_QUERY,mitrepeak,y  the true indian in me is coming out
565,0,1467952069,Mon Apr 06 22:58:07 PDT 2009,NO_QUERY,JAHNcookie,cold right now
566,0,1467952100,Mon Apr 06 22:58:08 PDT 2009,NO_QUERY,daneduh,n
567,0,1467952123,Mon Apr 06 22:58:08 PDT 2009,NO_QUERY,TurkishDelite,erence
568,0,1467952699,Mon Apr 06 22:58:18 PDT 2009,NO_QUERY,mumblr,p://tinyurl.com/c8bvqh
569,0,1467952985,Mon Apr 06 22:58:24 PDT 2009,NO_QUERY,mickeyness,!! i just realized &quot;impune&quot; definitely isnt the word i wanted... dang. i'm so unclever.
570,0,1467953090,Mon Apr 06 22:58:27 PDT 2009,NO_QUERY,JoannaWooten,it
571,0,1467953163,Mon Apr 06 22:58:26 PDT 2009,NO_QUERY,Briana810,ters&lt;3
572,0,1467953277,Mon Apr 06 22:58:29 PDT 2009,NO_QUERY,sudheeshu,ling hard with Inventory
573,0,1467953367,Mon Apr 06 22:58:30 PDT 2009,NO_QUERY,lovatolover,lovato Do you hate us?? Please don't
574,0,1467953500,Mon Apr 06 22:58:33 PDT 2009,NO_QUERY,candilaria,y
575,0,1467953681,Mon Apr 06 22:58:36 PDT 2009,NO_QUERY,erwinthegreat,y just want to work from home.  Crap.
576,0,1467953733,Mon Apr 06 22:58:37 PDT 2009,NO_QUERY,MonikkaB,@paul_e_wog Wait...is it a game or just episodes? I'm so confused.
577,0,1467953738,Mon Apr 06 22:58:37 PDT 2009,NO_QUERY,CaseLynn,he did....
578,0,1467954059,Mon Apr 06 22:58:42 PDT 2009,NO_QUERY,zeet75,a bunch of mumbo jumbo for me.
579,0,1467954070,Mon Apr 06 22:58:42 PDT 2009,NO_QUERY,MickyFin,"@sloanb Got it, sadly, only works for UK &amp; US at the moment"
580,0,1467959908,Mon Apr 06 23:00:18 PDT 2009,NO_QUERY,makebelievetree,Evicted
581,0,1467960066,Mon Apr 06 23:00:20 PDT 2009,NO_QUERY,JennTheAmazing,.
582,0,1467960196,Mon Apr 06 23:00:22 PDT 2009,NO_QUERY,ilovedanah,u
583,0,1467960388,Mon Apr 06 23:00:24 PDT 2009,NO_QUERY,lovebellaluna,have to catch a rerun!
584,0,1467960481,Mon Apr 06 23:00:26 PDT 2009,NO_QUERY,breedimetria,weather
585,0,1467960735,Mon Apr 06 23:00:29 PDT 2009,NO_QUERY,DolfinFan,ing eyelid people might get me!
586,0,1467960840,Mon Apr 06 23:00:31 PDT 2009,NO_QUERY,mickeyness,or would be ashamed.
587,0,1467961044,Mon Apr 06 23:00:34 PDT 2009,NO_QUERY,twishes,p://tinyurl.com/cxe8w7
588,0,1467961091,Mon Apr 06 23:00:35 PDT 2009,NO_QUERY,Angelina1994,"County, Tired as"
589,0,1467961106,Mon Apr 06 23:00:36 PDT 2009,NO_QUERY,la_discoteca,I don't want to walk home in this snow. Who wants to pick me up?
590,0,1467961146,Mon Apr 06 23:00:36 PDT 2009,NO_QUERY,teefaKNEEx,"l so bad for you, though. it made me cry  lol!"
591,0,1467961817,Mon Apr 06 23:00:47 PDT 2009,NO_QUERY,Capt_Planet,is grouchy. and wants bmar
592,0,1467962336,Mon Apr 06 23:00:55 PDT 2009,NO_QUERY,umfoo,"l, now i understand when moms say &quot;he has my heart broken&quot;."
593,0,1467962502,Mon Apr 06 23:00:58 PDT 2009,NO_QUERY,hollywoodgiant,and back hurts
594,0,1467962634,Mon Apr 06 23:01:02 PDT 2009,NO_QUERY,MissMillions,ses cups. Now
595,0,1467962671,Mon Apr 06 23:01:01 PDT 2009,NO_QUERY,Bi0hazard2886,l sick nwo
596,0,1467962897,Mon Apr 06 23:01:04 PDT 2009,NO_QUERY,aleskywalker,tboys.com/chat.php
597,0,1467962938,Mon Apr 06 23:01:04 PDT 2009,NO_QUERY,jess___x,ing up
598,0,1467963418,Mon Apr 06 23:01:14 PDT 2009,NO_QUERY,Zimily,y tired
599,0,1467963477,Mon Apr 06 23:01:15 PDT 2009,NO_QUERY,Augustina22,"female, new york"
600,0,1467963715,Mon Apr 06 23:01:18 PDT 2009,NO_QUERY,missmadison,l. Haha.
601,0,1467963880,Mon Apr 06 23:01:21 PDT 2009,NO_QUERY,JesseW84,like that gets to me
602,0,1467964211,Mon Apr 06 23:01:26 PDT 2009,NO_QUERY,nzcjs,"k remark.  Lots of acronyms, but no NZ"
603,0,1467964229,Mon Apr 06 23:01:26 PDT 2009,NO_QUERY,farty_brando,d ep tho mostly
604,0,1467965065,Mon Apr 06 23:01:40 PDT 2009,NO_QUERY,hoopdiva,ible ending to the sandra kantu story  prayers go out.
605,0,1467965832,Mon Apr 06 23:01:53 PDT 2009,NO_QUERY,lucy_g,l names
606,0,1467965873,Mon Apr 06 23:01:54 PDT 2009,NO_QUERY,Firefly2020,er behaved today!  Last night was a travesty
607,0,1467965949,Mon Apr 06 23:01:55 PDT 2009,NO_QUERY,LadyLTattoos,!
608,0,1467965994,Mon Apr 06 23:01:56 PDT 2009,NO_QUERY,lanaveenker,n many this year so far.
609,0,1467966187,Mon Apr 06 23:01:59 PDT 2009,NO_QUERY,dyannnn,ip Girl was a repeat
610,0,1467966260,Mon Apr 06 23:02:00 PDT 2009,NO_QUERY,bluntmag,@InYourEyes2410 I reckon
611,0,1467966271,Mon Apr 06 23:02:00 PDT 2009,NO_QUERY,leelaaa,er
612,0,1467966560,Mon Apr 06 23:02:04 PDT 2009,NO_QUERY,jjjarrett,n stuck in this house for two days
613,0,1467966646,Mon Apr 06 23:02:06 PDT 2009,NO_QUERY,vebitaa,y know y!!??!!!
614,0,1467967089,Mon Apr 06 23:02:13 PDT 2009,NO_QUERY,riblah,@thousand_miles no
615,0,1467967410,Mon Apr 06 23:02:18 PDT 2009,NO_QUERY,lindsaymccaul,"get a tax return.  A girl can dream, right?"
616,0,1467967432,Mon Apr 06 23:02:19 PDT 2009,NO_QUERY,EkoEko_Azarak,l a cold coming
617,0,1467967862,Mon Apr 06 23:02:26 PDT 2009,NO_QUERY,atothebed,N ENOUGH
618,0,1467968140,Mon Apr 06 23:02:31 PDT 2009,NO_QUERY,Trampolinia,erent strain.    He's doing okay though.
619,0,1467968155,Mon Apr 06 23:02:31 PDT 2009,NO_QUERY,mia_19,a repeat  whole art folio cuz old one with a whole terms work got wet
620,0,1467968402,Mon Apr 06 23:02:36 PDT 2009,NO_QUERY,Themfc,kend already. It's only Monday.
621,0,1467968584,Mon Apr 06 23:02:39 PDT 2009,NO_QUERY,zyree,a water any minute now!
622,0,1467968722,Mon Apr 06 23:02:41 PDT 2009,NO_QUERY,seaglopur,y enough time
623,0,1467968741,Mon Apr 06 23:02:41 PDT 2009,NO_QUERY,davejohnson,kend at the earliest
624,0,1467968785,Mon Apr 06 23:02:42 PDT 2009,NO_QUERY,JenniferRowden,my bed and blankets!
625,0,1467968979,Mon Apr 06 23:02:45 PDT 2009,NO_QUERY,atothebed,N ENOUGH
626,0,1467969001,Mon Apr 06 23:02:45 PDT 2009,NO_QUERY,Trissies,wants to cry
627,0,1467969172,Mon Apr 06 23:02:48 PDT 2009,NO_QUERY,fishliver,ow before I go broke...
628,0,1467969478,Mon Apr 06 23:02:53 PDT 2009,NO_QUERY,michellepolus,"hours away from naples, where my family is"
629,0,1467969551,Mon Apr 06 23:02:54 PDT 2009,NO_QUERY,Liinaadee,k coming to me.
630,0,1467969625,Mon Apr 06 23:02:55 PDT 2009,NO_QUERY,Pathia,r Yea   I am working tp hack my server to do the 12player thing for folks
631,0,1467969654,Mon Apr 06 23:02:56 PDT 2009,NO_QUERY,SER99,has hurt her ankle!! and is going to the dr
632,0,1467970550,Mon Apr 06 23:03:10 PDT 2009,NO_QUERY,druck21,l for ya
633,0,1467970648,Mon Apr 06 23:03:12 PDT 2009,NO_QUERY,Fletcher_Girl,!And i can't go out + buy 'nother coz it came with that paper
634,0,1467970783,Mon Apr 06 23:03:14 PDT 2009,NO_QUERY,broski12,doing make up shit
635,0,1467970917,Mon Apr 06 23:03:16 PDT 2009,NO_QUERY,lene,"Photoshop, I hate it when you crash"
636,0,1467971318,Mon Apr 06 23:03:23 PDT 2009,NO_QUERY,wiwiwinDra,l sick!
637,0,1467971407,Mon Apr 06 23:03:24 PDT 2009,NO_QUERY,richarizard,you shouldn't have gone
638,0,1467971977,Mon Apr 06 23:03:34 PDT 2009,NO_QUERY,LFTA,ing my crazy sex life
639,0,1467972017,Mon Apr 06 23:03:35 PDT 2009,NO_QUERY,_CheshireKat,"ting!?!! be careful, luisa"
640,0,1467972262,Mon Apr 06 23:03:39 PDT 2009,NO_QUERY,Smith_Cameron,?
641,0,1467972493,Mon Apr 06 23:03:43 PDT 2009,NO_QUERY,HeidiCortez,d... so tired
642,0,1467972750,Mon Apr 06 23:03:48 PDT 2009,NO_QUERY,rosalie_belle,"ow.  Damn you, work!"
643,0,1467972931,Mon Apr 06 23:03:50 PDT 2009,NO_QUERY,cmsebest,y. Broke my heart
644,0,1467978564,Mon Apr 06 23:05:28 PDT 2009,NO_QUERY,saltypond,ible?
645,0,1467978585,Mon Apr 06 23:05:29 PDT 2009,NO_QUERY,NahStarSeeYa,someone ran her over
646,0,1467978803,Mon Apr 06 23:05:32 PDT 2009,NO_QUERY,CacheAdvance,rds on an FTF!!
647,0,1467978846,Mon Apr 06 23:05:33 PDT 2009,NO_QUERY,smeykunz,s in 250 tops
648,0,1467979094,Mon Apr 06 23:05:38 PDT 2009,NO_QUERY,widyatarina,was the best!
649,0,1467979143,Mon Apr 06 23:05:38 PDT 2009,NO_QUERY,dofumon,hurt after exercising?
650,0,1467979291,Mon Apr 06 23:05:41 PDT 2009,NO_QUERY,MeghTW,l is hard
651,0,1467979353,Mon Apr 06 23:05:41 PDT 2009,NO_QUERY,whatevershesaid,have closed by the time I get there
652,0,1467979479,Mon Apr 06 23:05:44 PDT 2009,NO_QUERY,ROSJewelry,y to hear that!  Take care!
653,0,1467979491,Mon Apr 06 23:05:45 PDT 2009,NO_QUERY,TeresaUlring,er-not so much when it takes away from others
654,0,1467979676,Mon Apr 06 23:05:48 PDT 2009,NO_QUERY,danicag,"YiSACTiVE brat! You have to rub it in, don't you.... I want a mocha"
655,0,1467979782,Mon Apr 06 23:05:52 PDT 2009,NO_QUERY,widyatarina,n the bright star in Ho ...
656,0,1467979881,Mon Apr 06 23:05:51 PDT 2009,NO_QUERY,joshray,@redvinylgirl my mom has it. I wish you the best of luck
657,0,1467980053,Mon Apr 06 23:05:54 PDT 2009,NO_QUERY,xGabii,I so hate homeworks -.- My head hurts so bad
658,0,1467980251,Mon Apr 06 23:05:58 PDT 2009,NO_QUERY,_LadyT_,er not get my hopes up
659,0,1467980262,Mon Apr 06 23:05:58 PDT 2009,NO_QUERY,ACTinglikeamama,ed that we ate so much last night there were no leftovers today
660,0,1467980679,Mon Apr 06 23:06:05 PDT 2009,NO_QUERY,Nasef,my itunes library is gone.. and some docs with pics....
661,0,1467980858,Mon Apr 06 23:06:08 PDT 2009,NO_QUERY,Casey_Szulc,sad day: manu out for the season
662,0,1467981007,Mon Apr 06 23:06:11 PDT 2009,NO_QUERY,fleurybanery,l
663,0,1467981027,Mon Apr 06 23:06:12 PDT 2009,NO_QUERY,maTERIALfemme,d a hug
664,0,1467981326,Mon Apr 06 23:06:17 PDT 2009,NO_QUERY,KatieJonas3000,"ied, you dont even know. i hope he knows how much i care for him..."
665,0,1467981408,Mon Apr 06 23:06:18 PDT 2009,NO_QUERY,deannathach,s! loved it! excited for the next episode! and im sad this is the last season!
666,0,1467981468,Mon Apr 06 23:06:19 PDT 2009,NO_QUERY,Roses_Are_Red,that stinks!  *hugs*
667,0,1467981584,Mon Apr 06 23:06:21 PDT 2009,NO_QUERY,triner,"y, USB disco mouse."
668,0,1467981695,Mon Apr 06 23:06:23 PDT 2009,NO_QUERY,giselle88,",so sad"
669,0,1467981897,Mon Apr 06 23:06:27 PDT 2009,NO_QUERY,YoungStew123,les is down
670,0,1467982038,Mon Apr 06 23:06:29 PDT 2009,NO_QUERY,The_Book_Thief,p://twitpic.com/2y3jp
671,0,1467982039,Mon Apr 06 23:06:29 PDT 2009,NO_QUERY,TeresaUlring,"@emitstop So true, I have it and don't use it"
672,0,1467982077,Mon Apr 06 23:06:29 PDT 2009,NO_QUERY,mcdoogie,"Spring break is here at last, but no one is here to celebrate"
673,0,1467982235,Mon Apr 06 23:06:32 PDT 2009,NO_QUERY,Superneej,Morning! Bah Car won't start.. waiting for the ANWB....
674,0,1467982281,Mon Apr 06 23:06:33 PDT 2009,NO_QUERY,A_Gael,roving family
675,0,1467982442,Mon Apr 06 23:06:36 PDT 2009,NO_QUERY,Flipdesign,in his next venture
676,0,1467982606,Mon Apr 06 23:06:38 PDT 2009,NO_QUERY,shesaywat,@JustGelo Its sad knowing how they found her body. What a crazy world we live in. No child deserves that ya know.
677,0,1467982607,Mon Apr 06 23:06:39 PDT 2009,NO_QUERY,ValerieFlynt,"a, but lacking funding"
678,0,1467982718,Mon Apr 06 23:06:40 PDT 2009,NO_QUERY,alexleebehan,
679,0,1467982795,Mon Apr 06 23:06:42 PDT 2009,NO_QUERY,TiffinyB,"hunt Sat, Spiral and DMB Sat night and Easter!"
680,0,1467983247,Mon Apr 06 23:06:50 PDT 2009,NO_QUERY,MichaelPe,er thing through your myspace..... it goes to some dude's page
681,0,1467983249,Mon Apr 06 23:06:50 PDT 2009,NO_QUERY,jennygacy,yto hear that.
682,0,1467983568,Mon Apr 06 23:06:55 PDT 2009,NO_QUERY,P_licious,owin it  wht to do?
683,0,1467983745,Mon Apr 06 23:06:59 PDT 2009,NO_QUERY,itsviolet,ort me on this
684,0,1467983950,Mon Apr 06 23:07:02 PDT 2009,NO_QUERY,Nessie,y! =o
685,0,1467984364,Mon Apr 06 23:07:09 PDT 2009,NO_QUERY,suzi98babe,Sigh  G'knight
686,0,1467984605,Mon Apr 06 23:07:13 PDT 2009,NO_QUERY,idiom,d it most
687,0,1467984655,Mon Apr 06 23:07:14 PDT 2009,NO_QUERY,dreaaa,ian murphy is hot
688,0,1467985031,Mon Apr 06 23:07:21 PDT 2009,NO_QUERY,Lydisquidie,)
689,0,1467985114,Mon Apr 06 23:07:22 PDT 2009,NO_QUERY,gladyschock,d abt myself
690,0,1467985153,Mon Apr 06 23:07:23 PDT 2009,NO_QUERY,Drama_Queen101,i just got a text from sarah
691,0,1467985155,Mon Apr 06 23:07:26 PDT 2009,NO_QUERY,hoosfoos,uters
692,0,1467985166,Mon Apr 06 23:07:23 PDT 2009,NO_QUERY,rick93662,d more cash
693,0,1467985185,Mon Apr 06 23:07:24 PDT 2009,NO_QUERY,niffyat,"o ugh, that's disconcerting"
694,0,1467985226,Mon Apr 06 23:07:25 PDT 2009,NO_QUERY,Southpaw217,ians
695,0,1467985259,Mon Apr 06 23:07:25 PDT 2009,NO_QUERY,ikimb0,TS ARENT GOING THROUGH
696,0,1467985560,Mon Apr 06 23:07:30 PDT 2009,NO_QUERY,arielk,"milk, europe has the tastiest milk in the world, I don't drink it in US."
697,0,1467986058,Mon Apr 06 23:07:39 PDT 2009,NO_QUERY,robkellas,k...
698,0,1467986061,Mon Apr 06 23:07:39 PDT 2009,NO_QUERY,harmonicait,
699,0,1467986157,Mon Apr 06 23:07:40 PDT 2009,NO_QUERY,UNCMN,p an hour ago
700,0,1467986284,Mon Apr 06 23:07:43 PDT 2009,NO_QUERY,Christiansegall,.
701,0,1467986323,Mon Apr 06 23:07:43 PDT 2009,NO_QUERY,beeryce,background
702,0,1467986374,Mon Apr 06 23:07:46 PDT 2009,NO_QUERY,yo_its_shannon,I want to be back in LA
703,0,1467986559,Mon Apr 06 23:07:47 PDT 2009,NO_QUERY,The_B_Ho_Show,talking to you on here.
704,0,1467986889,Mon Apr 06 23:07:54 PDT 2009,NO_QUERY,BrianG2k,@lilbucknuts41 not an option
705,0,1467986976,Mon Apr 06 23:07:55 PDT 2009,NO_QUERY,zerhynn,@georgeruiz Unfortunately one of those moments wasn't a giant squid monster.
706,0,1467987098,Mon Apr 06 23:07:57 PDT 2009,NO_QUERY,mynameissasha,?
707,0,1467987619,Mon Apr 06 23:08:06 PDT 2009,NO_QUERY,wildbill,y to hear that.
708,0,1467987712,Mon Apr 06 23:08:07 PDT 2009,NO_QUERY,aishaisha,ks!
709,0,1467987736,Mon Apr 06 23:08:11 PDT 2009,NO_QUERY,roboppy,ian YUP.
710,0,1467987971,Mon Apr 06 23:08:12 PDT 2009,NO_QUERY,txcranberry,@ replies...and no JRK
711,0,1467988366,Mon Apr 06 23:08:18 PDT 2009,NO_QUERY,alanzeyes,"@tim_grainger nah, I haven't received my stimulus yet"
712,0,1467988612,Mon Apr 06 23:08:23 PDT 2009,NO_QUERY,jackdanielzz,t . plz write bak if u get this. i havnt got one reply bak
713,0,1467988885,Mon Apr 06 23:08:27 PDT 2009,NO_QUERY,Linda8286,p 3 hours ago
714,0,1467989188,Mon Apr 06 23:08:33 PDT 2009,NO_QUERY,littlefoxy,"y to hear that.  It's always sad when we lose those close to us, as we loved them."
715,0,1467989855,Mon Apr 06 23:08:45 PDT 2009,NO_QUERY,ep0pe86,lin like a piece of shit
716,0,1467990115,Mon Apr 06 23:08:50 PDT 2009,NO_QUERY,whiskey_kitten,. *hug*
717,0,1467990374,Mon Apr 06 23:08:55 PDT 2009,NO_QUERY,SammyBooker,l part where... i wont spoil it
718,0,1467990530,Mon Apr 06 23:08:57 PDT 2009,NO_QUERY,patrogersisgod,@limbecky I'm doing the time warp without you and am sad.
719,0,1467990628,Mon Apr 06 23:08:59 PDT 2009,NO_QUERY,joehnlein,a slap in the face after such a warm end of march
720,0,1467992207,Mon Apr 06 23:09:26 PDT 2009,NO_QUERY,Huddy1124,I hate converting movies just to put em on my itouch
721,0,1467992251,Mon Apr 06 23:09:27 PDT 2009,NO_QUERY,peaceandlove7,i have a pimple
722,0,1467992351,Mon Apr 06 23:09:29 PDT 2009,NO_QUERY,angelistic,ent) lol
723,0,1467992521,Mon Apr 06 23:09:32 PDT 2009,NO_QUERY,miketownsend,ower tonight
724,0,1467992592,Mon Apr 06 23:09:33 PDT 2009,NO_QUERY,koenn,@Unholyknight so did your mom last night.  brb while I figure out whether I just burned you or myself the most.
725,0,1467992696,Mon Apr 06 23:09:35 PDT 2009,NO_QUERY,pop_corn_,tDeck.
726,0,1467992866,Mon Apr 06 23:09:38 PDT 2009,NO_QUERY,TheBoss63,ks
727,0,1467992993,Mon Apr 06 23:09:40 PDT 2009,NO_QUERY,mf1077,p can't be up until 1am again...and no I didn't finish my statistics homework!
728,0,1467993509,Mon Apr 06 23:09:49 PDT 2009,NO_QUERY,tgoldmann8,ing them but the nba draft
729,0,1467993608,Mon Apr 06 23:09:51 PDT 2009,NO_QUERY,mscproductions,p again
730,0,1467993829,Mon Apr 06 23:09:55 PDT 2009,NO_QUERY,jmbirney,"ts, bitchfucks."
731,0,1467993866,Mon Apr 06 23:09:56 PDT 2009,NO_QUERY,amanu,is going to have a late one at MQU today
732,0,1467994306,Mon Apr 06 23:10:03 PDT 2009,NO_QUERY,katiehufford,d a life....
733,0,1467994316,Mon Apr 06 23:10:04 PDT 2009,NO_QUERY,kelseyblondie,t hurt
734,0,1467994419,Mon Apr 06 23:10:05 PDT 2009,NO_QUERY,caityisawinner,y cried haha.
735,0,1467994519,Mon Apr 06 23:10:06 PDT 2009,NO_QUERY,cartrouble,j: Morning! Bah Car won't start.. waiting for the ANWB....
736,0,1467995216,Mon Apr 06 23:10:17 PDT 2009,NO_QUERY,Reynaga12345,doing my homework!!!
737,0,1467995217,Mon Apr 06 23:10:17 PDT 2009,NO_QUERY,ChrisVanPatten,le sad
738,0,1467995433,Mon Apr 06 23:10:21 PDT 2009,NO_QUERY,PamsLove,early for me
739,0,1467995609,Mon Apr 06 23:10:24 PDT 2009,NO_QUERY,stefanie_husen,p two hours ago
740,0,1467995759,Mon Apr 06 23:10:27 PDT 2009,NO_QUERY,lawschoolninja,y to hear about your dog.
741,0,1467996032,Mon Apr 06 23:10:32 PDT 2009,NO_QUERY,BkBap,"le things make me homesick, criminals breakn n2 a brownstone on LawNOrd CI made me misty"
742,0,1467996096,Mon Apr 06 23:10:33 PDT 2009,NO_QUERY,Beatmixology,"@djsoulsister yeah, great vid. I had the 12&quot; single, but sold it a few years ago"
743,0,1467996633,Mon Apr 06 23:10:41 PDT 2009,NO_QUERY,mdzulkar9,sweating
744,0,1467996852,Mon Apr 06 23:10:47 PDT 2009,NO_QUERY,greatcorbinski,y!!
745,0,1467997236,Mon Apr 06 23:10:55 PDT 2009,NO_QUERY,alyssaisrad916,d twenty minutes!
746,0,1467997817,Mon Apr 06 23:11:03 PDT 2009,NO_QUERY,bellalucia,d night
747,0,1467998037,Mon Apr 06 23:11:06 PDT 2009,NO_QUERY,amitgupta,have to skip it!
748,0,1467998248,Mon Apr 06 23:11:09 PDT 2009,NO_QUERY,TheThreePeas,ier days to come!
749,0,1467998362,Mon Apr 06 23:11:11 PDT 2009,NO_QUERY,KWelkeBrom,.
750,0,1467998485,Mon Apr 06 23:11:14 PDT 2009,NO_QUERY,sexygrneyes,s  for my razr 2
751,0,1467998601,Mon Apr 06 23:11:18 PDT 2009,NO_QUERY,Young_J,ow morning.
752,0,1467998657,Mon Apr 06 23:11:16 PDT 2009,NO_QUERY,Kena_Howard,procrastinating... i hate organizing my clothes  there's just so much....
753,0,1467998795,Mon Apr 06 23:11:18 PDT 2009,NO_QUERY,gerrymoth,"s some great new features, but won't play music on my E71, like v0.3.5 did"
754,0,1467998928,Mon Apr 06 23:11:20 PDT 2009,NO_QUERY,still_b_here,ing
755,0,1467998954,Mon Apr 06 23:11:21 PDT 2009,NO_QUERY,joyindiscovery,y to hear that.
756,0,1467998983,Mon Apr 06 23:11:21 PDT 2009,NO_QUERY,grantzobell,I'm up way to late to be working for a client 12:10 AM  #fb
757,0,1467999423,Mon Apr 06 23:11:28 PDT 2009,NO_QUERY,elenarr,i have to go to work
758,0,1467999499,Mon Apr 06 23:11:30 PDT 2009,NO_QUERY,jj_1983,pt.us/KoqAbg
759,0,1467999819,Mon Apr 06 23:11:35 PDT 2009,NO_QUERY,jacob_hilton,@DAChesterFrench I emailed you yesterday and u never responded
760,0,1467999887,Mon Apr 06 23:11:36 PDT 2009,NO_QUERY,tmgeary,It's going to be a long year for A's fans.
761,0,1468000014,Mon Apr 06 23:11:39 PDT 2009,NO_QUERY,purrtygurl717,est episodes ever.
762,0,1468000208,Mon Apr 06 23:11:44 PDT 2009,NO_QUERY,stevejabs,.
763,0,1468000700,Mon Apr 06 23:11:50 PDT 2009,NO_QUERY,sirultimos,a suck
764,0,1468000743,Mon Apr 06 23:11:51 PDT 2009,NO_QUERY,Rayveniael,y WTF
765,0,1468000812,Mon Apr 06 23:11:52 PDT 2009,NO_QUERY,Fang04,@AmberPacific i know i dont know why i said that
766,0,1468000880,Mon Apr 06 23:11:53 PDT 2009,NO_QUERY,candicebunny,CASH RULES EVERYTHING AROUND ME
767,0,1468000929,Mon Apr 06 23:11:55 PDT 2009,NO_QUERY,RobKardashian,Just picked up some oats from the market to eat for breakfast with my boy @adamgoldston now time to do work at USC... late night
768,0,1468000948,Mon Apr 06 23:11:55 PDT 2009,NO_QUERY,Hanster7705,much icecream
769,0,1468000996,Mon Apr 06 23:11:56 PDT 2009,NO_QUERY,sambg7777,ount yet
770,0,1468001373,Mon Apr 06 23:12:02 PDT 2009,NO_QUERY,seriouslyben,wish i could go! but its in sydney
771,0,1468001543,Mon Apr 06 23:12:05 PDT 2009,NO_QUERY,vanhall,l like everyone knows this show is a joke except lc!
772,0,1468001960,Mon Apr 06 23:12:12 PDT 2009,NO_QUERY,SoledadP,y suck
773,0,1468001978,Mon Apr 06 23:12:12 PDT 2009,NO_QUERY,dianaroua,inate my 3 yr old?I am SO confused about this damn thing
774,0,1468002902,Mon Apr 06 23:12:29 PDT 2009,NO_QUERY,niko_the_best,l  at least last day!!!!!!
775,0,1468002948,Mon Apr 06 23:12:30 PDT 2009,NO_QUERY,NakitaRose,kend???
776,0,1468003025,Mon Apr 06 23:12:31 PDT 2009,NO_QUERY,pinkflamingo9,le calves!
777,0,1468003264,Mon Apr 06 23:12:35 PDT 2009,NO_QUERY,perrythebirman,. my brother dog sam is sick w/cushings disease.
778,0,1468003324,Mon Apr 06 23:12:36 PDT 2009,NO_QUERY,jj_1983,m
779,0,1468003327,Mon Apr 06 23:12:36 PDT 2009,NO_QUERY,SarahNicole26,on and its yucky
780,0,1468003631,Mon Apr 06 23:12:41 PDT 2009,NO_QUERY,Theatergirl62,from Angels
781,0,1468004048,Mon Apr 06 23:12:49 PDT 2009,NO_QUERY,squishymatter,- insomnia sucks   Have you tried melatonin?
782,0,1468004641,Mon Apr 06 23:12:59 PDT 2009,NO_QUERY,kow_shik,ort in NetBeans. But then its NetBeans you know
783,0,1468004743,Mon Apr 06 23:13:00 PDT 2009,NO_QUERY,UmmUthman,@heidimontag I wish we would get it the same time at the rest of world. unfornately I am in Cairo and have to wait for mtva to play it
784,0,1468004846,Mon Apr 06 23:13:02 PDT 2009,NO_QUERY,elohveee,le sandra. prayers are with the family.
785,0,1468005022,Mon Apr 06 23:13:05 PDT 2009,NO_QUERY,stranger_danger,ow maybe
786,0,1468005297,Mon Apr 06 23:13:10 PDT 2009,NO_QUERY,fuzzywuzzy1,n but mine is in the corner?
787,0,1468006137,Mon Apr 06 23:13:25 PDT 2009,NO_QUERY,gamwyn,"lines of dialogue tonight, then gave up."
788,0,1468006169,Mon Apr 06 23:13:25 PDT 2009,NO_QUERY,kryptonsite,k is they've changed it so much it's confusing
789,0,1468006195,Mon Apr 06 23:13:26 PDT 2009,NO_QUERY,kristie__,Sliced my finger
790,0,1468006296,Mon Apr 06 23:13:27 PDT 2009,NO_QUERY,shroedernz,is stink
791,0,1468006362,Mon Apr 06 23:13:30 PDT 2009,NO_QUERY,woflln,out
792,0,1468006505,Mon Apr 06 23:13:31 PDT 2009,NO_QUERY,Skooj,ing me. I never know what's downloading when it is
793,0,1468006591,Mon Apr 06 23:13:35 PDT 2009,NO_QUERY,rchlrchfrt,pancakes this time. -Rachel-
794,0,1468006681,Mon Apr 06 23:13:34 PDT 2009,NO_QUERY,TheCuriousCase,The internet is hating me. Night i s'pose.
795,0,1468006748,Mon Apr 06 23:13:35 PDT 2009,NO_QUERY,Migg,of opening day this year
796,0,1468006784,Mon Apr 06 23:13:36 PDT 2009,NO_QUERY,bonk_onthehead,be the best film of the year!
797,0,1468006962,Mon Apr 06 23:13:39 PDT 2009,NO_QUERY,sheilaelaine,ow
798,0,1468007450,Mon Apr 06 23:13:48 PDT 2009,NO_QUERY,jlkmustang,always culminates with physical pain.
799,0,1468007676,Mon Apr 06 23:13:53 PDT 2009,NO_QUERY,caitd86,p. but cant
800,0,1468007877,Mon Apr 06 23:13:57 PDT 2009,NO_QUERY,John2x,le pinky finger hurts so much..
801,0,1468010183,Mon Apr 06 23:14:42 PDT 2009,NO_QUERY,marythedork,y your gift card ran out.... That suck.
802,0,1468010236,Mon Apr 06 23:14:41 PDT 2009,NO_QUERY,LeahPaskalides,home for spring break. no one is home tho
803,0,1468010250,Mon Apr 06 23:14:42 PDT 2009,NO_QUERY,bgmahesh,ort Indic languages
804,0,1468010346,Mon Apr 06 23:14:43 PDT 2009,NO_QUERY,Kelsey_Leigh,
805,0,1468010664,Mon Apr 06 23:14:49 PDT 2009,NO_QUERY,katdogs,y speak to my yia yia because she doesn't speak english
806,0,1468011003,Mon Apr 06 23:14:56 PDT 2009,NO_QUERY,Syppress,comp lol
807,0,1468011315,Mon Apr 06 23:15:02 PDT 2009,NO_QUERY,carebearCC26,om
808,0,1468012099,Mon Apr 06 23:15:14 PDT 2009,NO_QUERY,MaddiganROSE,ow
809,0,1468012103,Mon Apr 06 23:15:14 PDT 2009,NO_QUERY,xXRawrJanisXx,@swiftkaratechop STOP NOMNOMS!!!! ..you didn't share!  Night peoples!!
810,0,1468012152,Mon Apr 06 23:15:14 PDT 2009,NO_QUERY,shuvra,"y.  Oh no, my trip would be ruined."
811,0,1468012289,Mon Apr 06 23:15:17 PDT 2009,NO_QUERY,widyatarina,him
812,0,1468012316,Mon Apr 06 23:15:17 PDT 2009,NO_QUERY,upsideumop,d and write a paper
813,0,1468012486,Mon Apr 06 23:15:22 PDT 2009,NO_QUERY,karenlikeslunch,winter already
814,0,1468012742,Mon Apr 06 23:15:25 PDT 2009,NO_QUERY,awesome_jordy,
815,0,1468012912,Mon Apr 06 23:15:28 PDT 2009,NO_QUERY,itsjordanbitch,s dvds.
816,0,1468012988,Mon Apr 06 23:15:29 PDT 2009,NO_QUERY,aleskywalker,wait for you at fanclub chat.. even tough you're not my favorite
817,0,1468013020,Mon Apr 06 23:15:30 PDT 2009,NO_QUERY,melvinchia,ling since sunday..
818,0,1468013135,Mon Apr 06 23:15:32 PDT 2009,NO_QUERY,JessicaHamby,y is away for awhile
819,0,1468013308,Mon Apr 06 23:15:35 PDT 2009,NO_QUERY,sineadfitz,It's only tuesday
820,0,1468013368,Mon Apr 06 23:15:36 PDT 2009,NO_QUERY,JaniceMyNig,er  Haha
821,0,1468013773,Mon Apr 06 23:15:43 PDT 2009,NO_QUERY,Zwaapeh,got my headache from yesterday night
822,0,1468013866,Mon Apr 06 23:15:45 PDT 2009,NO_QUERY,AndiVoci,y is she ok?
823,0,1468013989,Mon Apr 06 23:15:47 PDT 2009,NO_QUERY,NikNaki08,ow
824,0,1468014152,Mon Apr 06 23:15:50 PDT 2009,NO_QUERY,lynea8472,y dis-like having a brother.  He doesn't know when to stop. I'm waiting for the day when one of
825,0,1468014191,Mon Apr 06 23:15:51 PDT 2009,NO_QUERY,alicebeneicke,many birthday treats-sicko
826,0,1468014340,Mon Apr 06 23:15:53 PDT 2009,NO_QUERY,TommieGreen,K'
827,0,1468014571,Mon Apr 06 23:15:57 PDT 2009,NO_QUERY,Monika29,..
828,0,1468014803,Mon Apr 06 23:16:01 PDT 2009,NO_QUERY,Danaye,zing down here !!!!!
829,0,1468015006,Mon Apr 06 23:16:04 PDT 2009,NO_QUERY,TaraEn,@heidimontag why do you put up with him!!!!!  You should listen to your mom
830,0,1468015014,Mon Apr 06 23:16:04 PDT 2009,NO_QUERY,idrisjoel,is stucked in Paris and can't even travel into France (for work)
831,0,1468015635,Mon Apr 06 23:16:16 PDT 2009,NO_QUERY,r_i_p_86,", i don't think there's one close by. Last time I checked, the closest one was 70 miles away!"
832,0,1468017259,Mon Apr 06 23:16:45 PDT 2009,NO_QUERY,mishkia,p me company.
833,0,1468018354,Mon Apr 06 23:17:05 PDT 2009,NO_QUERY,courtneyjayne88,load of tax last year !
834,0,1468018399,Mon Apr 06 23:17:06 PDT 2009,NO_QUERY,murielara,L!!!!
835,0,1468018434,Mon Apr 06 23:17:07 PDT 2009,NO_QUERY,milah89,P
836,0,1468018610,Mon Apr 06 23:17:10 PDT 2009,NO_QUERY,CelesteChong,ked disgusted
837,0,1468019147,Mon Apr 06 23:17:20 PDT 2009,NO_QUERY,torriRAWR,y cold
838,0,1468019183,Mon Apr 06 23:17:20 PDT 2009,NO_QUERY,LittleOne1210,p  she wants to dream!!
839,0,1468019369,Mon Apr 06 23:17:23 PDT 2009,NO_QUERY,emily_fox,!
840,0,1468019453,Mon Apr 06 23:17:25 PDT 2009,NO_QUERY,Pan_duh,ito-eating man exist.
841,0,1468019679,Mon Apr 06 23:17:29 PDT 2009,NO_QUERY,gravitybomb,ers  that's sad.
842,0,1468020159,Mon Apr 06 23:17:38 PDT 2009,NO_QUERY,SpazOfDrool,M64 and my awesome as auntie is tania38
843,0,1468020340,Mon Apr 06 23:17:42 PDT 2009,NO_QUERY,motof5,y day.
844,0,1468020550,Mon Apr 06 23:17:46 PDT 2009,NO_QUERY,lahood19,ling with eam law
845,0,1468020636,Mon Apr 06 23:17:48 PDT 2009,NO_QUERY,mfzbdale,p://twitpic.com/2y3ty
846,0,1468020819,Mon Apr 06 23:17:51 PDT 2009,NO_QUERY,policano,ow morning. Night @ilovefatsusan.
847,0,1468020989,Mon Apr 06 23:17:54 PDT 2009,NO_QUERY,MJPhotographer,My 4 year old (18 year old) is driving me around the twist...i don't want to be like this
848,0,1468021282,Mon Apr 06 23:18:00 PDT 2009,NO_QUERY,sfpoetic,", that sucked."
849,0,1468021321,Mon Apr 06 23:18:01 PDT 2009,NO_QUERY,theresaxo,
850,0,1468021330,Mon Apr 06 23:18:01 PDT 2009,NO_QUERY,EvilChick,s like we run a speakeasy
851,0,1468021397,Mon Apr 06 23:18:02 PDT 2009,NO_QUERY,allynrawr,any no  i dont even know how to ride it
852,0,1468021408,Mon Apr 06 23:18:02 PDT 2009,NO_QUERY,Hanster7705,d counciling now
853,0,1468021699,Mon Apr 06 23:18:07 PDT 2009,NO_QUERY,coletje1,"l like going, but have two tests"
854,0,1468022265,Mon Apr 06 23:18:18 PDT 2009,NO_QUERY,acecortinaboy,owed by an unpleasant tube ride to the City.
855,0,1468022377,Mon Apr 06 23:18:20 PDT 2009,NO_QUERY,mandakaye,Anybody know where my iPod went?
856,0,1468022707,Mon Apr 06 23:18:26 PDT 2009,NO_QUERY,massacred_mind,ible.
857,0,1468022727,Mon Apr 06 23:18:27 PDT 2009,NO_QUERY,DJNephilim,ord to get them out. I'd much rather go through the extraction than continue with what I deal with now.
858,0,1468023022,Mon Apr 06 23:18:32 PDT 2009,NO_QUERY,SleepyShadow,? Or send suspicious e-mails fishing for info?
859,0,1468023065,Mon Apr 06 23:18:32 PDT 2009,NO_QUERY,alice_wonder,n MIA tho
860,0,1468023146,Mon Apr 06 23:18:33 PDT 2009,NO_QUERY,EikLovesYou,p! =P
861,0,1468023365,Mon Apr 06 23:18:38 PDT 2009,NO_QUERY,addictedtotext,ow and then the rain comes back. no nice weather for my birthday
862,0,1468023488,Mon Apr 06 23:18:42 PDT 2009,NO_QUERY,djbabyyu,@taliasunset rock band is hard..on expert!!!
863,0,1468023501,Mon Apr 06 23:18:40 PDT 2009,NO_QUERY,jennkitty,r. Comforter has to goto large laundromat machines.
864,0,1468023868,Mon Apr 06 23:18:48 PDT 2009,NO_QUERY,ChrisMoody,y
865,0,1468024089,Mon Apr 06 23:18:52 PDT 2009,NO_QUERY,fats,a character on one of my favorite shows and now i'm upset
866,0,1468024248,Mon Apr 06 23:18:54 PDT 2009,NO_QUERY,Cheri_Howell,the new Star Trek film in Austin tonight.
867,0,1468024469,Mon Apr 06 23:18:59 PDT 2009,NO_QUERY,jameseverton,p!
868,0,1468024495,Mon Apr 06 23:18:59 PDT 2009,NO_QUERY,Moonflowerchild,YS!!
869,0,1468030831,Mon Apr 06 23:20:55 PDT 2009,NO_QUERY,StrAbZ,time!
870,0,1468031172,Mon Apr 06 23:21:02 PDT 2009,NO_QUERY,flashbrother,work again
871,0,1468031217,Mon Apr 06 23:21:03 PDT 2009,NO_QUERY,Jallenwhit,ay time....
872,0,1468031438,Mon Apr 06 23:21:07 PDT 2009,NO_QUERY,sunshinegarma,@chauncey78 hey did u talk to mom.. r they home yet? i hope they r ok.. wish i was coming home 4 easter..
873,0,1468031439,Mon Apr 06 23:21:06 PDT 2009,NO_QUERY,xmidnightdreams,l interferes.
874,0,1468031544,Mon Apr 06 23:21:08 PDT 2009,NO_QUERY,sunshinebliss,ed it tonight
875,0,1468031563,Mon Apr 06 23:21:09 PDT 2009,NO_QUERY,emilyalltimelow,no! i lost a loyal
876,0,1468031616,Mon Apr 06 23:21:10 PDT 2009,NO_QUERY,Breeze_81,played another hand very bad and lost half my stack
877,0,1468031800,Mon Apr 06 23:21:13 PDT 2009,NO_QUERY,Leggetron,ng night at work
878,0,1468031805,Mon Apr 06 23:21:13 PDT 2009,NO_QUERY,OhMyChristine,s Lauren!
879,0,1468031882,Mon Apr 06 23:21:15 PDT 2009,NO_QUERY,NesbyPhips,s though
880,0,1468032209,Mon Apr 06 23:21:21 PDT 2009,NO_QUERY,JamesDeen,@rj i don't know what half of that means
881,0,1468032348,Mon Apr 06 23:21:25 PDT 2009,NO_QUERY,babyKxox,homework homework homework
882,0,1468032456,Mon Apr 06 23:21:27 PDT 2009,NO_QUERY,harvick29fan,ed muscles... OUCH!
883,0,1468032547,Mon Apr 06 23:21:29 PDT 2009,NO_QUERY,janeetmb,owing.
884,0,1468032572,Mon Apr 06 23:21:29 PDT 2009,NO_QUERY,Madrigal77,"So... Tired... God I hate the new job, and only two days in"
885,0,1468032622,Mon Apr 06 23:21:30 PDT 2009,NO_QUERY,BreThayer,my fav show House!
886,0,1468032862,Mon Apr 06 23:21:35 PDT 2009,NO_QUERY,lamarmcarter,9!)...now if I can only finish my term paper on her
887,0,1468032869,Mon Apr 06 23:21:35 PDT 2009,NO_QUERY,urbanrocker,l like shit. This is NOT the way I want to spend my birthday's eve
888,0,1468033025,Mon Apr 06 23:21:39 PDT 2009,NO_QUERY,strifethe3rd,"my sites put together,  most of them were me checking out the updates i made......"
889,0,1468033122,Mon Apr 06 23:21:41 PDT 2009,NO_QUERY,Ember_X,ds to make some moneys. And ideas. Nowhere is hiring!
890,0,1468033152,Mon Apr 06 23:21:41 PDT 2009,NO_QUERY,xGabii,you
891,0,1468033194,Mon Apr 06 23:21:44 PDT 2009,NO_QUERY,tygerbaby,y to hear about your dog
892,0,1468033322,Mon Apr 06 23:21:45 PDT 2009,NO_QUERY,nubblecakes,much internet. How it plagues me
893,0,1468033365,Mon Apr 06 23:21:45 PDT 2009,NO_QUERY,lcmroz,much
894,0,1468033516,Mon Apr 06 23:21:48 PDT 2009,NO_QUERY,schofs_travels,p://twitpic.com/2y3y0
895,0,1468033903,Mon Apr 06 23:21:56 PDT 2009,NO_QUERY,nexusv2,arently it's in 10 days
896,0,1468033983,Mon Apr 06 23:21:57 PDT 2009,NO_QUERY,patrick_ritchie,me back.
897,0,1468034035,Mon Apr 06 23:21:58 PDT 2009,NO_QUERY,divingkid2001,p://plurk.com/p/mzxbg
898,0,1468034417,Mon Apr 06 23:22:05 PDT 2009,NO_QUERY,raciedo,. im about to try to get an hour and a half in for tonight. half what i got last night.
899,0,1468034467,Mon Apr 06 23:22:06 PDT 2009,NO_QUERY,gmthomas,m viable
900,0,1468034646,Mon Apr 06 23:22:09 PDT 2009,NO_QUERY,strifethe3rd,"my sites put together,  most of them were me checking out the updates i made......"
901,0,1468034673,Mon Apr 06 23:22:10 PDT 2009,NO_QUERY,BOYTRONs,of Love... crying
902,0,1468034773,Mon Apr 06 23:22:12 PDT 2009,NO_QUERY,sweetkarekare,I think becky buckwild goes
903,0,1468034808,Mon Apr 06 23:22:13 PDT 2009,NO_QUERY,Ninerwiner,p://plurk.com/p/mzxcs
904,0,1468035296,Mon Apr 06 23:22:21 PDT 2009,NO_QUERY,YoungFlame,C'mon sean man
905,0,1468035396,Mon Apr 06 23:22:24 PDT 2009,NO_QUERY,noslennai,mint chocolate ice cream cones and my grand ma  fuck.
906,0,1468035417,Mon Apr 06 23:22:24 PDT 2009,NO_QUERY,Setmefree2,", its just so long, hope it doesn't rain"
907,0,1468035468,Mon Apr 06 23:22:25 PDT 2009,NO_QUERY,NTHR47,o to your new stalker LOL
908,0,1468035613,Mon Apr 06 23:22:28 PDT 2009,NO_QUERY,hernameisXstine,night now  how was ur bike ride?
909,0,1468035748,Mon Apr 06 23:22:33 PDT 2009,NO_QUERY,TGaucho,!
910,0,1468035840,Mon Apr 06 23:22:31 PDT 2009,NO_QUERY,Catmoo,n doing loads of uni work
911,0,1468035969,Mon Apr 06 23:22:34 PDT 2009,NO_QUERY,totallybiannca,ters
912,0,1468036076,Mon Apr 06 23:22:36 PDT 2009,NO_QUERY,Podpodley,him
913,0,1468036478,Mon Apr 06 23:22:44 PDT 2009,NO_QUERY,kasperapd,M contacts    Going to bed sad.
914,0,1468036579,Mon Apr 06 23:22:46 PDT 2009,NO_QUERY,ChelsiMarie,? I wasn't invited...
915,0,1468036634,Mon Apr 06 23:22:48 PDT 2009,NO_QUERY,nathanryder,ings of a sore throat though
916,0,1468036770,Mon Apr 06 23:22:50 PDT 2009,NO_QUERY,imcute519,@astewart87 oh my gosh that made me emotional haha idk why!!! i dont want to get old
917,0,1468036890,Mon Apr 06 23:22:55 PDT 2009,NO_QUERY,thejakartaglobe,n so quiet lately ....
918,0,1468037361,Mon Apr 06 23:23:03 PDT 2009,NO_QUERY,mandahs,i don't like lukewarm showers
919,0,1468037612,Mon Apr 06 23:23:07 PDT 2009,NO_QUERY,ryanmcgrath,8? Never got one.
920,0,1468037671,Mon Apr 06 23:23:08 PDT 2009,NO_QUERY,helmetcheek,y mad at me??
921,0,1468037803,Mon Apr 06 23:23:11 PDT 2009,NO_QUERY,Kishya,k!
922,0,1468037939,Mon Apr 06 23:23:13 PDT 2009,NO_QUERY,williuscaesar,@michaeltao man america is so .. borez anyway lol i just realized you sent me msgs on here. i had no idea. i have no flash
923,0,1468037989,Mon Apr 06 23:23:14 PDT 2009,NO_QUERY,rockstarchick,py now
924,0,1468038045,Mon Apr 06 23:23:16 PDT 2009,NO_QUERY,Bennro,l sick.
925,0,1468038099,Mon Apr 06 23:23:17 PDT 2009,NO_QUERY,TheEngTeacher,n reading my posts properly
926,0,1468038289,Mon Apr 06 23:23:20 PDT 2009,NO_QUERY,teaogler,d what I was doing.
927,0,1468038583,Mon Apr 06 23:23:27 PDT 2009,NO_QUERY,mark_cowley,be time to get ip then
928,0,1468038893,Mon Apr 06 23:23:33 PDT 2009,NO_QUERY,DangeresqueBen,er hates us both then.
929,0,1468039375,Mon Apr 06 23:23:43 PDT 2009,NO_QUERY,katellora,t
930,0,1468039428,Mon Apr 06 23:23:44 PDT 2009,NO_QUERY,BerinaOhh,p either
931,0,1468039579,Mon Apr 06 23:23:46 PDT 2009,NO_QUERY,hermorrine,n a very sad news day.
932,0,1468039686,Mon Apr 06 23:23:48 PDT 2009,NO_QUERY,LeMonjat,ds it so not quite so bad.
933,0,1468039856,Mon Apr 06 23:23:51 PDT 2009,NO_QUERY,georgewoods007,Yawn yawn yawn!! 10 more minutes in bed
934,0,1468039895,Mon Apr 06 23:23:52 PDT 2009,NO_QUERY,squishymatter,@MajesticFlame ouch - sounds very sucky
935,0,1468040012,Mon Apr 06 23:23:56 PDT 2009,NO_QUERY,psculthorpe,lieb Great idea with the iTunes promo codes - they don't work in the UK iTunes store though
936,0,1468040050,Mon Apr 06 23:23:55 PDT 2009,NO_QUERY,Nessie,ycus  *cry*
937,0,1468041919,Mon Apr 06 23:24:31 PDT 2009,NO_QUERY,gi_gi_bee,or.
938,0,1468042132,Mon Apr 06 23:24:35 PDT 2009,NO_QUERY,pcholody,night
939,0,1468042240,Mon Apr 06 23:24:37 PDT 2009,NO_QUERY,HannahLins,ed to being a fake
940,0,1468042457,Mon Apr 06 23:24:42 PDT 2009,NO_QUERY,tessthetraveler,i love chutney......
941,0,1468042464,Mon Apr 06 23:24:42 PDT 2009,NO_QUERY,eshaniprasad,y. Had to do it!
942,0,1468042752,Mon Apr 06 23:24:47 PDT 2009,NO_QUERY,gayrath,o without me!!???
943,0,1468043104,Mon Apr 06 23:24:53 PDT 2009,NO_QUERY,Geoffasaurus,. Says alot.
944,0,1468043300,Mon Apr 06 23:24:57 PDT 2009,NO_QUERY,c8linodonnell,s losing their first game
945,0,1468043306,Mon Apr 06 23:24:57 PDT 2009,NO_QUERY,girlsandnylons,LOST sucks  ... because i have to work today
946,0,1468043598,Mon Apr 06 23:25:02 PDT 2009,NO_QUERY,tammy_x,n haif a circle and a hemisphere &lt;/3 &gt;
947,0,1468043785,Mon Apr 06 23:25:04 PDT 2009,NO_QUERY,Iam_S,erFam
948,0,1468043967,Mon Apr 06 23:25:08 PDT 2009,NO_QUERY,WeirdMeta,dnights
949,0,1468043970,Mon Apr 06 23:25:08 PDT 2009,NO_QUERY,skeetonmytwitts,
950,0,1468044622,Mon Apr 06 23:25:22 PDT 2009,NO_QUERY,pfspleen,"this morning, if it's any help."
951,0,1468044821,Mon Apr 06 23:25:23 PDT 2009,NO_QUERY,ellaireyantis,-nighter. I hate it when I do this to myself
952,0,1468044846,Mon Apr 06 23:25:23 PDT 2009,NO_QUERY,CristaltheGreat,@vernonhamilton You're a stranger
953,0,1468045043,Mon Apr 06 23:25:27 PDT 2009,NO_QUERY,TigerHasse,er . . .
954,0,1468045201,Mon Apr 06 23:25:31 PDT 2009,NO_QUERY,Chanabellarina,lington only a quarter of a percent babe  darn
955,0,1468045539,Mon Apr 06 23:25:38 PDT 2009,NO_QUERY,Poe4,"ergies. Either way, I'm miserable!"
956,0,1468045613,Mon Apr 06 23:25:38 PDT 2009,NO_QUERY,mechista,pt.us/ORPL3A
957,0,1468045819,Mon Apr 06 23:25:42 PDT 2009,NO_QUERY,browncoat24,01&amp;ref_name=story
958,0,1468046392,Mon Apr 06 23:25:54 PDT 2009,NO_QUERY,noelleee,ordable company in bay area?
959,0,1468046904,Mon Apr 06 23:26:04 PDT 2009,NO_QUERY,liamkeaton,her legs this time
960,0,1468047066,Mon Apr 06 23:26:06 PDT 2009,NO_QUERY,dianapwns,@alexbigman you left without saying hi!
961,0,1468048178,Mon Apr 06 23:26:27 PDT 2009,NO_QUERY,kog_54,p
962,0,1468048746,Mon Apr 06 23:26:38 PDT 2009,NO_QUERY,NickCummings,ds to be fixed for a month at Microsoft HQ.
963,0,1468049681,Mon Apr 06 23:26:57 PDT 2009,NO_QUERY,seatowngrrl,y   I am over this whole conferenceing thing.
964,0,1468049696,Mon Apr 06 23:26:57 PDT 2009,NO_QUERY,imaginaryemily,bahaha
965,0,1468049719,Mon Apr 06 23:26:58 PDT 2009,NO_QUERY,JustinKoselke,y your conversation was just so interesting!
966,0,1468050051,Mon Apr 06 23:27:03 PDT 2009,NO_QUERY,yellows_rock,end you?
967,0,1468050631,Mon Apr 06 23:27:13 PDT 2009,NO_QUERY,kissbliss1,ling in the world.
968,0,1468050664,Mon Apr 06 23:27:13 PDT 2009,NO_QUERY,joiette,m
969,0,1468050670,Mon Apr 06 23:27:16 PDT 2009,NO_QUERY,cartimandua77,y
970,0,1468051061,Mon Apr 06 23:27:21 PDT 2009,NO_QUERY,canu_diggit,@SimoneKali Get me an autograph and shout out! You have to record it though. My computer is dead so I can't listen.
971,0,1468051150,Mon Apr 06 23:27:22 PDT 2009,NO_QUERY,RavenSu,rentice
972,0,1468051256,Mon Apr 06 23:27:27 PDT 2009,NO_QUERY,exortabreedoll,. my lip hurts
973,0,1468051421,Mon Apr 06 23:27:27 PDT 2009,NO_QUERY,mariusw,t...
974,0,1468051743,Mon Apr 06 23:27:33 PDT 2009,NO_QUERY,carlygirvan,l today
975,0,1468051770,Mon Apr 06 23:27:34 PDT 2009,NO_QUERY,Rosebud,els 40 - 59.
976,0,1468051911,Mon Apr 06 23:27:37 PDT 2009,NO_QUERY,evanhaldrich,t back
977,0,1468051981,Mon Apr 06 23:27:38 PDT 2009,NO_QUERY,Celz29,....... seriously!!
978,0,1468052063,Mon Apr 06 23:27:40 PDT 2009,NO_QUERY,CourtneyCuomo,I am so sad  Kutner was my favorite of the new team!!
979,0,1468052239,Mon Apr 06 23:27:43 PDT 2009,NO_QUERY,ConstanceClark,o&quot; u suck
980,0,1468052359,Mon Apr 06 23:27:45 PDT 2009,NO_QUERY,sashasimply,
981,0,1468052470,Mon Apr 06 23:27:48 PDT 2009,NO_QUERY,Meg_Nutz,py
982,0,1468052484,Mon Apr 06 23:27:48 PDT 2009,NO_QUERY,deck86,
983,0,1468052499,Mon Apr 06 23:27:48 PDT 2009,NO_QUERY,ylizabeth,i can't concentrate
984,0,1468052623,Mon Apr 06 23:27:50 PDT 2009,NO_QUERY,tomazstolfa,the bureaucratic nonsense for March. What a waste of my time
985,0,1468052908,Mon Apr 06 23:27:58 PDT 2009,NO_QUERY,Materialgirl21,Nw more confused then ever!
986,0,1468053118,Mon Apr 06 23:28:00 PDT 2009,NO_QUERY,earthtoryann,t me now.
987,0,1468053198,Mon Apr 06 23:28:02 PDT 2009,NO_QUERY,grinc,k - lots of info I already knew
988,0,1468053610,Mon Apr 06 23:28:09 PDT 2009,NO_QUERY,BW101,ignment to finish
989,0,1468053611,Mon Apr 06 23:28:09 PDT 2009,NO_QUERY,mariejamora,any of my updates on plurk? Zero?
990,0,1468053804,Mon Apr 06 23:28:13 PDT 2009,NO_QUERY,princeralph,omg... &quot;The Reader&quot; is making me
991,0,1468053869,Mon Apr 06 23:28:14 PDT 2009,NO_QUERY,vinternals,ed
992,0,1468054357,Mon Apr 06 23:28:22 PDT 2009,NO_QUERY,teejay0109,tdeck but it wont download
993,0,1468054887,Mon Apr 06 23:28:32 PDT 2009,NO_QUERY,mahlersoboes,r flowers
994,0,1468055249,Mon Apr 06 23:28:38 PDT 2009,NO_QUERY,livvy22,y camper?
995,0,1468055262,Mon Apr 06 23:28:39 PDT 2009,NO_QUERY,LarryEisner,"ention, though, because I'm in this because of myself..."
996,0,1468055266,Mon Apr 06 23:28:41 PDT 2009,NO_QUERY,ohmigosh_dusti,much fun!
997,0,1468055472,Mon Apr 06 23:28:43 PDT 2009,NO_QUERY,tiphaniebrooke,. I love it. ps I'm sad we didn't get to hang out
998,0,1468055604,Mon Apr 06 23:28:45 PDT 2009,NO_QUERY,rinahannah,end up in this place
999,0,1468055791,Mon Apr 06 23:28:49 PDT 2009,NO_QUERY,ecjc,r boy.
1000,0,1468055852,Mon Apr 06 23:28:50 PDT 2009,NO_QUERY,Saphyre1969,ed you
1001,0,1468056316,Mon Apr 06 23:28:58 PDT 2009,NO_QUERY,nurainiffah,I'm doing my homework. It's gosh darn hard!!
1002,0,1468056420,Mon Apr 06 23:29:00 PDT 2009,NO_QUERY,francheza,p://plurk.com/p/mzygb
1003,0,1468060375,Mon Apr 06 23:30:10 PDT 2009,NO_QUERY,BrandesAsh,be back@ 7am
1004,0,1468060378,Mon Apr 06 23:30:10 PDT 2009,NO_QUERY,Buffaliscious,be able to make it to Iowa.
1005,0,1468060722,Mon Apr 06 23:30:16 PDT 2009,NO_QUERY,bendoyle,y frustrating. stupid monkeys
1006,0,1468060774,Mon Apr 06 23:30:17 PDT 2009,NO_QUERY,Melamachinko,y...
1007,0,1468060794,Mon Apr 06 23:30:18 PDT 2009,NO_QUERY,tedarrius,"Nope, I'm Right Along Wit' You!"
1008,0,1468060798,Mon Apr 06 23:30:18 PDT 2009,NO_QUERY,berlingalvan,so a murder? gotcha.  Cant believe it
1009,0,1468060828,Mon Apr 06 23:30:18 PDT 2009,NO_QUERY,kurosevic,ow.
1010,0,1468060954,Mon Apr 06 23:30:20 PDT 2009,NO_QUERY,impathy,ing.
1011,0,1468061127,Mon Apr 06 23:30:23 PDT 2009,NO_QUERY,gabysslave,p
1012,0,1468061448,Mon Apr 06 23:30:29 PDT 2009,NO_QUERY,Broskt,a work though
1013,0,1468062021,Mon Apr 06 23:30:39 PDT 2009,NO_QUERY,annabannana,ened to you on Saturday? You didnt show up...
1014,0,1468062288,Mon Apr 06 23:30:43 PDT 2009,NO_QUERY,PunkRockMom,@GirlsGoneChild
1015,0,1468062309,Mon Apr 06 23:30:44 PDT 2009,NO_QUERY,mizzoutigress09,p
1016,0,1468062416,Mon Apr 06 23:30:46 PDT 2009,NO_QUERY,Askmewhats,I have mouth ulcer  so painful to talk and eat!
1017,0,1468062543,Mon Apr 06 23:30:48 PDT 2009,NO_QUERY,JustJames_,"@danphelan Urgh, it was just the video, and they cut the Robots part!!!"
1018,0,1468062629,Mon Apr 06 23:30:49 PDT 2009,NO_QUERY,Christieeee,be okay
1019,0,1468062724,Mon Apr 06 23:30:51 PDT 2009,NO_QUERY,k_eak,y much my fave...not much reason to watch now
1020,0,1468062743,Mon Apr 06 23:30:51 PDT 2009,NO_QUERY,RooookieP,y doesn't even kno oct. 5!
1021,0,1468063101,Mon Apr 06 23:30:57 PDT 2009,NO_QUERY,kristenn_lynn,p then got sick  love you!!
